Source,Target
https://msdn.microsoft.com/en-us/skype/appsdk/apioverview,https://docs.microsoft.com/en-us/skype/appsdk/apioverview
https://msdn.microsoft.com/en-us/skype/appsdk/conversationhelpercodelist,https://docs.microsoft.com/en-us/skype/appsdk/conversationhelpercodelist
https://msdn.microsoft.com/en-us/skype/appsdk/download,https://docs.microsoft.com/en-us/skype/appsdk/download
https://msdn.microsoft.com/en-us/skype/appsdk/embedskypeb2ccomms,https://docs.microsoft.com/en-us/skype/appsdk/embedskypeb2ccomms
https://msdn.microsoft.com/en-us/skype/appsdk/feedback,https://docs.microsoft.com/en-us/skype/appsdk/feedback
https://msdn.microsoft.com/en-us/skype/appsdk/getmeetingurl,https://docs.microsoft.com/en-us/skype/appsdk/getmeetingurl
https://msdn.microsoft.com/en-us/skype/appsdk/getonlinemeetingjoinresources,https://docs.microsoft.com/en-us/skype/appsdk/getonlinemeetingjoinresources
https://msdn.microsoft.com/en-us/skype/appsdk/gettingstarted,https://docs.microsoft.com/en-us/skype/appsdk/gettingstarted
https://msdn.microsoft.com/en-us/skype/appsdk/howtojoinmeeting_android,https://docs.microsoft.com/en-us/skype/appsdk/howtojoinmeeting_android
https://msdn.microsoft.com/en-us/skype/appsdk/howtojoinmeeting_ios,https://docs.microsoft.com/en-us/skype/appsdk/howtojoinmeeting_ios
https://msdn.microsoft.com/en-us/skype/appsdk/howtojoinonlinemeeting_android,https://docs.microsoft.com/en-us/skype/appsdk/howtojoinonlinemeeting_android
https://msdn.microsoft.com/en-us/skype/appsdk/howtojoinonlinemeeting_ios,https://docs.microsoft.com/en-us/skype/appsdk/howtojoinonlinemeeting_ios
https://msdn.microsoft.com/en-us/skype/appsdk/orientation,https://docs.microsoft.com/en-us/skype/appsdk/orientation
https://msdn.microsoft.com/en-us/skype/appsdk/platformconsiderations,https://docs.microsoft.com/en-us/skype/appsdk/platformconsiderations
https://msdn.microsoft.com/en-us/skype/appsdk/releasenotes,https://docs.microsoft.com/en-us/skype/appsdk/releasenotes
https://msdn.microsoft.com/en-us/skype/appsdk/samples,https://docs.microsoft.com/en-us/skype/appsdk/samples
https://msdn.microsoft.com/en-us/skype/appsdk/skypeappsdk,https://docs.microsoft.com/en-us/skype/appsdk/skypeappsdk
https://msdn.microsoft.com/en-us/skype/appsdk/termsofservice,https://docs.microsoft.com/en-us/skype/appsdk/termsofservice
https://msdn.microsoft.com/en-us/skype/appsdk/versioning,https://docs.microsoft.com/en-us/skype/appsdk/versioning
https://msdn.microsoft.com/en-us/skype/appsdk/videolicense_android,https://docs.microsoft.com/en-us/skype/appsdk/videolicense_android
https://msdn.microsoft.com/en-us/skype/appsdk/videolicense_ios,https://docs.microsoft.com/en-us/skype/appsdk/videolicense_ios
https://msdn.microsoft.com/en-us/skype/appsdk/index,https://docs.microsoft.com/en-us/skype/appsdk/index
https://msdn.microsoft.com/en-us/skype/appsdk/videolicense,https://docs.microsoft.com/en-us/skype/appsdk/videolicense
https://msdn.microsoft.com/en-us/skype/sdn/articles/activating-qoe-recording,https://docs.microsoft.com/en-us/skype/sdn/articles/activating-qoe-recording
https://msdn.microsoft.com/en-us/skype/sdn/articles/appendix,https://docs.microsoft.com/en-us/skype/sdn/articles/appendix
https://msdn.microsoft.com/en-us/skype/sdn/articles/configuring-dialog-listener,https://docs.microsoft.com/en-us/skype/sdn/articles/configuring-dialog-listener
https://msdn.microsoft.com/en-us/skype/sdn/articles/configuring-incallqoe-messages,https://docs.microsoft.com/en-us/skype/sdn/articles/configuring-incallqoe-messages
https://msdn.microsoft.com/en-us/skype/sdn/articles/configuring-logging-options,https://docs.microsoft.com/en-us/skype/sdn/articles/configuring-logging-options
https://msdn.microsoft.com/en-us/skype/sdn/articles/configuring-sdn-interface-using-the-command-prompt,https://docs.microsoft.com/en-us/skype/sdn/articles/configuring-sdn-interface-using-the-command-prompt
https://msdn.microsoft.com/en-us/skype/sdn/articles/configuring-sdn-interface,https://docs.microsoft.com/en-us/skype/sdn/articles/configuring-sdn-interface
https://msdn.microsoft.com/en-us/skype/sdn/articles/configuring-sdn-manager-using-the-config-file,https://docs.microsoft.com/en-us/skype/sdn/articles/configuring-sdn-manager-using-the-config-file
https://msdn.microsoft.com/en-us/skype/sdn/articles/configuring-sdn-manager,https://docs.microsoft.com/en-us/skype/sdn/articles/configuring-sdn-manager
https://msdn.microsoft.com/en-us/skype/sdn/articles/debugging-the-dialog-listener,https://docs.microsoft.com/en-us/skype/sdn/articles/debugging-the-dialog-listener
https://msdn.microsoft.com/en-us/skype/sdn/articles/debugging-the-sdn-manager,https://docs.microsoft.com/en-us/skype/sdn/articles/debugging-the-sdn-manager
https://msdn.microsoft.com/en-us/skype/sdn/articles/deploying-the-sdn-interface,https://docs.microsoft.com/en-us/skype/sdn/articles/deploying-the-sdn-interface
https://msdn.microsoft.com/en-us/skype/sdn/articles/dialog-listener-configuration-file-example,https://docs.microsoft.com/en-us/skype/sdn/articles/dialog-listener-configuration-file-example
https://msdn.microsoft.com/en-us/skype/sdn/articles/getting-ready-to-install-sdn-interface,https://docs.microsoft.com/en-us/skype/sdn/articles/getting-ready-to-install-sdn-interface
https://msdn.microsoft.com/en-us/skype/sdn/articles/in-call-qoe-algorithm-and-throttling,https://docs.microsoft.com/en-us/skype/sdn/articles/in-call-qoe-algorithm-and-throttling
https://msdn.microsoft.com/en-us/skype/sdn/articles/installing-sdn-interface,https://docs.microsoft.com/en-us/skype/sdn/articles/installing-sdn-interface
https://msdn.microsoft.com/en-us/skype/sdn/articles/installing-security-certificates,https://docs.microsoft.com/en-us/skype/sdn/articles/installing-security-certificates
https://msdn.microsoft.com/en-us/skype/sdn/articles/installing-the-dialog-listener,https://docs.microsoft.com/en-us/skype/sdn/articles/installing-the-dialog-listener
https://msdn.microsoft.com/en-us/skype/sdn/articles/installing-the-sdn-manager,https://docs.microsoft.com/en-us/skype/sdn/articles/installing-the-sdn-manager
https://msdn.microsoft.com/en-us/skype/sdn/articles/installing-the-trusted-root-certificate,https://docs.microsoft.com/en-us/skype/sdn/articles/installing-the-trusted-root-certificate
https://msdn.microsoft.com/en-us/skype/sdn/articles/interface-architecture,https://docs.microsoft.com/en-us/skype/sdn/articles/interface-architecture
https://msdn.microsoft.com/en-us/skype/sdn/articles/monitoring-the-sdn-manager-and-dialog-listener,https://docs.microsoft.com/en-us/skype/sdn/articles/monitoring-the-sdn-manager-and-dialog-listener
https://msdn.microsoft.com/en-us/skype/sdn/articles/new-features,https://docs.microsoft.com/en-us/skype/sdn/articles/new-features
https://msdn.microsoft.com/en-us/skype/sdn/articles/overview,https://docs.microsoft.com/en-us/skype/sdn/articles/overview
https://msdn.microsoft.com/en-us/skype/sdn/articles/powershell-provisioning,https://docs.microsoft.com/en-us/skype/sdn/articles/powershell-provisioning
https://msdn.microsoft.com/en-us/skype/sdn/articles/release-notes,https://docs.microsoft.com/en-us/skype/sdn/articles/release-notes
https://msdn.microsoft.com/en-us/skype/sdn/articles/running-and-debugging-sdn-interface,https://docs.microsoft.com/en-us/skype/sdn/articles/running-and-debugging-sdn-interface
https://msdn.microsoft.com/en-us/skype/sdn/articles/running-the-dialog-listene,https://docs.microsoft.com/en-us/skype/sdn/articles/running-the-dialog-listene
https://msdn.microsoft.com/en-us/skype/sdn/articles/running-the-sdn-manager,https://docs.microsoft.com/en-us/skype/sdn/articles/running-the-sdn-manager
https://msdn.microsoft.com/en-us/skype/sdn/articles/schema-extensions,https://docs.microsoft.com/en-us/skype/sdn/articles/schema-extensions
https://msdn.microsoft.com/en-us/skype/sdn/articles/schema-map-skype-for-business-sdn-interface-2-2-schema-c,https://docs.microsoft.com/en-us/skype/sdn/articles/schema-map-skype-for-business-sdn-interface-2-2-schema-c
https://msdn.microsoft.com/en-us/skype/sdn/articles/schema-map-skype-for-business-sdn-interface-2-2-schema-d,https://docs.microsoft.com/en-us/skype/sdn/articles/schema-map-skype-for-business-sdn-interface-2-2-schema-d
https://msdn.microsoft.com/en-us/skype/sdn/articles/sdn-interface-bandwidth-estimates,https://docs.microsoft.com/en-us/skype/sdn/articles/sdn-interface-bandwidth-estimates
https://msdn.microsoft.com/en-us/skype/sdn/articles/sdn-interface-performance-overview,https://docs.microsoft.com/en-us/skype/sdn/articles/sdn-interface-performance-overview
https://msdn.microsoft.com/en-us/skype/sdn/articles/sdn-manager-and-dialog-listener-performance-counters,https://docs.microsoft.com/en-us/skype/sdn/articles/sdn-manager-and-dialog-listener-performance-counters
https://msdn.microsoft.com/en-us/skype/sdn/articles/sdn-manager-command-line-example,https://docs.microsoft.com/en-us/skype/sdn/articles/sdn-manager-command-line-example
https://msdn.microsoft.com/en-us/skype/sdn/articles/sdn-manager-configuration-file-example,https://docs.microsoft.com/en-us/skype/sdn/articles/sdn-manager-configuration-file-example
https://msdn.microsoft.com/en-us/skype/sdn/articles/setting-up-a-dns-service-location-record,https://docs.microsoft.com/en-us/skype/sdn/articles/setting-up-a-dns-service-location-record
https://msdn.microsoft.com/en-us/skype/sdn/articles/setting-up-a-redis-cache-system,https://docs.microsoft.com/en-us/skype/sdn/articles/setting-up-a-redis-cache-system
https://msdn.microsoft.com/en-us/skype/sdn/articles/setting-up-sql-server-for-a-sdn-manager-db,https://docs.microsoft.com/en-us/skype/sdn/articles/setting-up-sql-server-for-a-sdn-manager-db
https://msdn.microsoft.com/en-us/skype/sdn/articles/skype-for-business-sdn-interface-2-2-schema-c,https://docs.microsoft.com/en-us/skype/sdn/articles/skype-for-business-sdn-interface-2-2-schema-c
https://msdn.microsoft.com/en-us/skype/sdn/articles/skype-for-business-sdn-interface-2-2-schema-d,https://docs.microsoft.com/en-us/skype/sdn/articles/skype-for-business-sdn-interface-2-2-schema-d
https://msdn.microsoft.com/en-us/skype/sdn/articles/skype-for-business-sdn-interface-schema-reference,https://docs.microsoft.com/en-us/skype/sdn/articles/skype-for-business-sdn-interface-schema-reference
https://msdn.microsoft.com/en-us/skype/sdn/articles/skype-for-business-sdn-interface,https://docs.microsoft.com/en-us/skype/sdn/articles/skype-for-business-sdn-interface
https://msdn.microsoft.com/en-us/skype/sdn/articles/subscriber-obfuscation,https://docs.microsoft.com/en-us/skype/sdn/articles/subscriber-obfuscation
https://msdn.microsoft.com/en-us/skype/sdn/articles/unattended-installation,https://docs.microsoft.com/en-us/skype/sdn/articles/unattended-installation
https://msdn.microsoft.com/en-us/skype/sdn/articles/understanding-sdn-interface,https://docs.microsoft.com/en-us/skype/sdn/articles/understanding-sdn-interface
https://msdn.microsoft.com/en-us/skype/sdn/articles/uninstalling-the-sdn-interface-components,https://docs.microsoft.com/en-us/skype/sdn/articles/uninstalling-the-sdn-interface-components
https://msdn.microsoft.com/en-us/skype/sdn/articles/upgrading-from-previous-versions,https://docs.microsoft.com/en-us/skype/sdn/articles/upgrading-from-previous-versions
https://msdn.microsoft.com/en-us/skype/sdn/articles/using-sip-obfuscator-for-the-sdn-interface,https://docs.microsoft.com/en-us/skype/sdn/articles/using-sip-obfuscator-for-the-sdn-interface
https://msdn.microsoft.com/en-us/skype/sdn/articles/using-the-sdn-interface,https://docs.microsoft.com/en-us/skype/sdn/articles/using-the-sdn-interface
https://msdn.microsoft.com/en-us/skype/skype-for-business-bot-framework/readme,https://docs.microsoft.com/en-us/skype/skype-for-business-bot-framework/readme
https://msdn.microsoft.com/en-us/skype/skype-for-business-bot-framework/docs/bot-common-errors,https://docs.microsoft.com/en-us/skype/skype-for-business-bot-framework/docs/bot-common-errors
https://msdn.microsoft.com/en-us/skype/skype-for-business-bot-framework/docs/bot-hybrid-support,https://docs.microsoft.com/en-us/skype/skype-for-business-bot-framework/docs/bot-hybrid-support
https://msdn.microsoft.com/en-us/skype/skype-for-business-bot-framework/docs/overview,https://docs.microsoft.com/en-us/skype/skype-for-business-bot-framework/docs/overview
https://msdn.microsoft.com/en-us/skype/skype-for-business-uris/androidcall,https://docs.microsoft.com/en-us/skype/skype-for-business-uris/androidcall
https://msdn.microsoft.com/en-us/skype/skype-for-business-uris/sfbmobileuri,https://docs.microsoft.com/en-us/skype/skype-for-business-uris/sfbmobileuri
https://msdn.microsoft.com/en-us/skype/skypedeveloperplatform,https://docs.microsoft.com/en-us/skype/skypedeveloperplatform
https://msdn.microsoft.com/en-us/skype/skypeuris/sk_skypeuris,https://docs.microsoft.com/en-us/skype/skypeuris/sk_skypeuris
https://msdn.microsoft.com/en-us/skype/skypeuris/skypedevelopment,https://docs.microsoft.com/en-us/skype/skypeuris/skypedevelopment
https://msdn.microsoft.com/en-us/skype/skypeuris/skypesdkforandroid,https://docs.microsoft.com/en-us/skype/skypeuris/skypesdkforandroid
https://msdn.microsoft.com/en-us/skype/skypeuris/skypeuriapireference,https://docs.microsoft.com/en-us/skype/skypeuris/skypeuriapireference
https://msdn.microsoft.com/en-us/skype/skypeuris/skypeuritutorial_androidapps,https://docs.microsoft.com/en-us/skype/skypeuris/skypeuritutorial_androidapps
https://msdn.microsoft.com/en-us/skype/skypeuris/skypeuritutorial_email,https://docs.microsoft.com/en-us/skype/skypeuris/skypeuritutorial_email
https://msdn.microsoft.com/en-us/skype/skypeuris/skypeuritutorial_windows8apps,https://docs.microsoft.com/en-us/skype/skypeuris/skypeuritutorial_windows8apps
https://msdn.microsoft.com/en-us/skype/skypeuris/skypeuritutorial_iosapps,https://docs.microsoft.com/en-us/skype/skypeuris/skypeuritutorial_iosapps
https://msdn.microsoft.com/en-us/skype/skypeuris/skypeuris,https://docs.microsoft.com/en-us/skype/skypeuris/skypeuris
https://msdn.microsoft.com/en-us/skype/skypeuris/skypeuris_brandingguidelines,https://docs.microsoft.com/en-us/skype/skypeuris/skypeuris_brandingguidelines
https://msdn.microsoft.com/en-us/skype/skypeuris/skypeuris_faqs,https://docs.microsoft.com/en-us/skype/skypeuris/skypeuris_faqs
https://msdn.microsoft.com/en-us/skype/skypeuris/skypeuritutorial_webpages,https://docs.microsoft.com/en-us/skype/skypeuris/skypeuritutorial_webpages
https://msdn.microsoft.com/en-us/skype/trusted-application-api/readme,https://docs.microsoft.com/en-us/skype/trusted-application-api/readme
https://msdn.microsoft.com/en-us/skype/trusted-application-api/sdk/license,https://docs.microsoft.com/en-us/skype/trusted-application-api/sdk/license
https://msdn.microsoft.com/en-us/skype/trusted-application-api/sdk/readme,https://docs.microsoft.com/en-us/skype/trusted-application-api/sdk/readme
https://msdn.microsoft.com/en-us/skype/trusted-application-api/sdk/thirdpartynotices,https://docs.microsoft.com/en-us/skype/trusted-application-api/sdk/thirdpartynotices
https://msdn.microsoft.com/en-us/skype/trusted-application-api/docs/aads2s,https://docs.microsoft.com/en-us/skype/trusted-application-api/docs/aads2s
https://msdn.microsoft.com/en-us/skype/trusted-application-api/docs/anonymousmeetingcommonerrors,https://docs.microsoft.com/en-us/skype/trusted-application-api/docs/anonymousmeetingcommonerrors
https://msdn.microsoft.com/en-us/skype/trusted-application-api/docs/anonymousmeetingjoin,https://docs.microsoft.com/en-us/skype/trusted-application-api/docs/anonymousmeetingjoin
https://msdn.microsoft.com/en-us/skype/trusted-application-api/docs/anonymousmeetingschedule,https://docs.microsoft.com/en-us/skype/trusted-application-api/docs/anonymousmeetingschedule
https://msdn.microsoft.com/en-us/skype/trusted-application-api/docs/application_permissions,https://docs.microsoft.com/en-us/skype/trusted-application-api/docs/application_permissions
https://msdn.microsoft.com/en-us/skype/trusted-application-api/docs/authenticationandauthorization,https://docs.microsoft.com/en-us/skype/trusted-application-api/docs/authenticationandauthorization
https://msdn.microsoft.com/en-us/skype/trusted-application-api/docs/developingapplicationsforsfbonline,https://docs.microsoft.com/en-us/skype/trusted-application-api/docs/developingapplicationsforsfbonline
https://msdn.microsoft.com/en-us/skype/trusted-application-api/docs/discoveryforserviceapplications,https://docs.microsoft.com/en-us/skype/trusted-application-api/docs/discoveryforserviceapplications
https://msdn.microsoft.com/en-us/skype/trusted-application-api/docs/implementinganonymousclientwithskypeappsdk,https://docs.microsoft.com/en-us/skype/trusted-application-api/docs/implementinganonymousclientwithskypeappsdk
https://msdn.microsoft.com/en-us/skype/trusted-application-api/docs/implementinganonymousclientwithskypeappsdk_ios,https://docs.microsoft.com/en-us/skype/trusted-application-api/docs/implementinganonymousclientwithskypeappsdk_ios
https://msdn.microsoft.com/en-us/skype/trusted-application-api/docs/implementinganonymousclientwithskypewebsdk,https://docs.microsoft.com/en-us/skype/trusted-application-api/docs/implementinganonymousclientwithskypewebsdk
https://msdn.microsoft.com/en-us/skype/trusted-application-api/docs/keyterms,https://docs.microsoft.com/en-us/skype/trusted-application-api/docs/keyterms
https://msdn.microsoft.com/en-us/skype/trusted-application-api/docs/newconcepts,https://docs.microsoft.com/en-us/skype/trusted-application-api/docs/newconcepts
https://msdn.microsoft.com/en-us/skype/trusted-application-api/docs/overview,https://docs.microsoft.com/en-us/skype/trusted-application-api/docs/overview
https://msdn.microsoft.com/en-us/skype/trusted-application-api/docs/referencelibrary,https://docs.microsoft.com/en-us/skype/trusted-application-api/docs/referencelibrary
https://msdn.microsoft.com/en-us/skype/trusted-application-api/docs/registrationinazureactivedirectory,https://docs.microsoft.com/en-us/skype/trusted-application-api/docs/registrationinazureactivedirectory
https://msdn.microsoft.com/en-us/skype/trusted-application-api/docs/samples,https://docs.microsoft.com/en-us/skype/trusted-application-api/docs/samples
https://msdn.microsoft.com/en-us/skype/trusted-application-api/docs/sfbregistration,https://docs.microsoft.com/en-us/skype/trusted-application-api/docs/sfbregistration
https://msdn.microsoft.com/en-us/skype/trusted-application-api/docs/tenantadminconsent,https://docs.microsoft.com/en-us/skype/trusted-application-api/docs/tenantadminconsent
https://msdn.microsoft.com/en-us/skype/trusted-application-api/docs/trustedapplicationendpoint,https://docs.microsoft.com/en-us/skype/trusted-application-api/docs/trustedapplicationendpoint
https://msdn.microsoft.com/en-us/skype/trusted-application-api/docs/trusted_application_api_generalreference,https://docs.microsoft.com/en-us/skype/trusted-application-api/docs/trusted_application_api_generalreference
https://msdn.microsoft.com/en-us/skype/trusted-application-api/docs/webhooks,https://docs.microsoft.com/en-us/skype/trusted-application-api/docs/webhooks
https://msdn.microsoft.com/en-us/skype/trusted-application-api/docs/keyscenarios,https://docs.microsoft.com/en-us/skype/trusted-application-api/docs/keyscenarios
https://msdn.microsoft.com/en-us/skype/trusted-application-api/samples/anonmeetingjoinsamples/readme,https://docs.microsoft.com/en-us/skype/trusted-application-api/samples/anonmeetingjoinsamples/readme
https://msdn.microsoft.com/en-us/skype/trusted-application-api/samples/quickstartsamples/readme,https://docs.microsoft.com/en-us/skype/trusted-application-api/samples/quickstartsamples/readme
https://msdn.microsoft.com/en-us/skype/trusted-application-api/samples/license,https://docs.microsoft.com/en-us/skype/trusted-application-api/samples/license
https://msdn.microsoft.com/en-us/skype/trusted-application-api/samples/readme,https://docs.microsoft.com/en-us/skype/trusted-application-api/samples/readme
https://msdn.microsoft.com/en-us/skype/ucwa/accesslevel_ref,https://docs.microsoft.com/en-us/skype/ucwa/accesslevel_ref
https://msdn.microsoft.com/en-us/skype/ucwa/activeperiod_ref,https://docs.microsoft.com/en-us/skype/ucwa/activeperiod_ref
https://msdn.microsoft.com/en-us/skype/ucwa/advancedtopics,https://docs.microsoft.com/en-us/skype/ucwa/advancedtopics
https://msdn.microsoft.com/en-us/skype/ucwa/applicationdashboard,https://docs.microsoft.com/en-us/skype/ucwa/applicationdashboard
https://msdn.microsoft.com/en-us/skype/ucwa/architecture,https://docs.microsoft.com/en-us/skype/ucwa/architecture
https://msdn.microsoft.com/en-us/skype/ucwa/audiencemessaging_ref,https://docs.microsoft.com/en-us/skype/ucwa/audiencemessaging_ref
https://msdn.microsoft.com/en-us/skype/ucwa/audiencemutelock_ref,https://docs.microsoft.com/en-us/skype/ucwa/audiencemutelock_ref
https://msdn.microsoft.com/en-us/skype/ucwa/audiopreference_ref,https://docs.microsoft.com/en-us/skype/ucwa/audiopreference_ref
https://msdn.microsoft.com/en-us/skype/ucwa/audiotranscriptstatus_ref,https://docs.microsoft.com/en-us/skype/ucwa/audiotranscriptstatus_ref
https://msdn.microsoft.com/en-us/skype/ucwa/authenticationinucwa,https://docs.microsoft.com/en-us/skype/ucwa/authenticationinucwa
https://msdn.microsoft.com/en-us/skype/ucwa/authenticationlibrary,https://docs.microsoft.com/en-us/skype/ucwa/authenticationlibrary
https://msdn.microsoft.com/en-us/skype/ucwa/authenticationusingazuread,https://docs.microsoft.com/en-us/skype/ucwa/authenticationusingazuread
https://msdn.microsoft.com/en-us/skype/ucwa/autodiscoverylibrary,https://docs.microsoft.com/en-us/skype/ucwa/autodiscoverylibrary
https://msdn.microsoft.com/en-us/skype/ucwa/automaticleaderassignment_ref,https://docs.microsoft.com/en-us/skype/ucwa/automaticleaderassignment_ref
https://msdn.microsoft.com/en-us/skype/ucwa/availability_ref,https://docs.microsoft.com/en-us/skype/ucwa/availability_ref
https://msdn.microsoft.com/en-us/skype/ucwa/bandwidthcontrolpolicy_ref,https://docs.microsoft.com/en-us/skype/ucwa/bandwidthcontrolpolicy_ref
https://msdn.microsoft.com/en-us/skype/ucwa/batchlibrary,https://docs.microsoft.com/en-us/skype/ucwa/batchlibrary
https://msdn.microsoft.com/en-us/skype/ucwa/batchingrequests,https://docs.microsoft.com/en-us/skype/ucwa/batchingrequests
https://msdn.microsoft.com/en-us/skype/ucwa/cachelibrary,https://docs.microsoft.com/en-us/skype/ucwa/cachelibrary
https://msdn.microsoft.com/en-us/skype/ucwa/caching,https://docs.microsoft.com/en-us/skype/ucwa/caching
https://msdn.microsoft.com/en-us/skype/ucwa/calldeclinereason_ref,https://docs.microsoft.com/en-us/skype/ucwa/calldeclinereason_ref
https://msdn.microsoft.com/en-us/skype/ucwa/callforwardingstate_ref,https://docs.microsoft.com/en-us/skype/ucwa/callforwardingstate_ref
https://msdn.microsoft.com/en-us/skype/ucwa/callstate_ref,https://docs.microsoft.com/en-us/skype/ucwa/callstate_ref
https://msdn.microsoft.com/en-us/skype/ucwa/callterminationreason_ref,https://docs.microsoft.com/en-us/skype/ucwa/callterminationreason_ref
https://msdn.microsoft.com/en-us/skype/ucwa/clientnetworktype_ref,https://docs.microsoft.com/en-us/skype/ucwa/clientnetworktype_ref
https://msdn.microsoft.com/en-us/skype/ucwa/communicationdashboard,https://docs.microsoft.com/en-us/skype/ucwa/communicationdashboard
https://msdn.microsoft.com/en-us/skype/ucwa/communicationtasks,https://docs.microsoft.com/en-us/skype/ucwa/communicationtasks
https://msdn.microsoft.com/en-us/skype/ucwa/configuringatopology,https://docs.microsoft.com/en-us/skype/ucwa/configuringatopology
https://msdn.microsoft.com/en-us/skype/ucwa/contactdevicetype_ref,https://docs.microsoft.com/en-us/skype/ucwa/contactdevicetype_ref
https://msdn.microsoft.com/en-us/skype/ucwa/contacttype_ref,https://docs.microsoft.com/en-us/skype/ucwa/contacttype_ref
https://msdn.microsoft.com/en-us/skype/ucwa/conversationlogstatus_ref,https://docs.microsoft.com/en-us/skype/ucwa/conversationlogstatus_ref
https://msdn.microsoft.com/en-us/skype/ucwa/conversationlogtype_ref,https://docs.microsoft.com/en-us/skype/ucwa/conversationlogtype_ref
https://msdn.microsoft.com/en-us/skype/ucwa/conversationmodalitytype_ref,https://docs.microsoft.com/en-us/skype/ucwa/conversationmodalitytype_ref
https://msdn.microsoft.com/en-us/skype/ucwa/conversationstate_ref,https://docs.microsoft.com/en-us/skype/ucwa/conversationstate_ref
https://msdn.microsoft.com/en-us/skype/ucwa/copyrightnotice_ucwa2_0sdk,https://docs.microsoft.com/en-us/skype/ucwa/copyrightnotice_ucwa2_0sdk
https://msdn.microsoft.com/en-us/skype/ucwa/corecapabilities,https://docs.microsoft.com/en-us/skype/ucwa/corecapabilities
https://msdn.microsoft.com/en-us/skype/ucwa/createanapplication,https://docs.microsoft.com/en-us/skype/ucwa/createanapplication
https://msdn.microsoft.com/en-us/skype/ucwa/crossdomaincommunication,https://docs.microsoft.com/en-us/skype/ucwa/crossdomaincommunication
https://msdn.microsoft.com/en-us/skype/ucwa/cross_domainiframe,https://docs.microsoft.com/en-us/skype/ucwa/cross_domainiframe
https://msdn.microsoft.com/en-us/skype/ucwa/dashboardconcepts,https://docs.microsoft.com/en-us/skype/ucwa/dashboardconcepts
https://msdn.microsoft.com/en-us/skype/ucwa/deleteapresencesubscription,https://docs.microsoft.com/en-us/skype/ucwa/deleteapresencesubscription
https://msdn.microsoft.com/en-us/skype/ucwa/developingapplicationswithucwa,https://docs.microsoft.com/en-us/skype/ucwa/developingapplicationswithucwa
https://msdn.microsoft.com/en-us/skype/ucwa/developingucwaapplicationsforsfbonline,https://docs.microsoft.com/en-us/skype/ucwa/developingucwaapplicationsforsfbonline
https://msdn.microsoft.com/en-us/skype/ucwa/developingucwaapplicationsforskypeforbusinessserver,https://docs.microsoft.com/en-us/skype/ucwa/developingucwaapplicationsforskypeforbusinessserver
https://msdn.microsoft.com/en-us/skype/ucwa/direction_ref,https://docs.microsoft.com/en-us/skype/ucwa/direction_ref
https://msdn.microsoft.com/en-us/skype/ucwa/enforcementpolicy_ref,https://docs.microsoft.com/en-us/skype/ucwa/enforcementpolicy_ref
https://msdn.microsoft.com/en-us/skype/ucwa/entryexitannouncement_ref,https://docs.microsoft.com/en-us/skype/ucwa/entryexitannouncement_ref
https://msdn.microsoft.com/en-us/skype/ucwa/errorcode_ref,https://docs.microsoft.com/en-us/skype/ucwa/errorcode_ref
https://msdn.microsoft.com/en-us/skype/ucwa/errorsubcode_ref,https://docs.microsoft.com/en-us/skype/ucwa/errorsubcode_ref
https://msdn.microsoft.com/en-us/skype/ucwa/errortranscriptreason_ref,https://docs.microsoft.com/en-us/skype/ucwa/errortranscriptreason_ref
https://msdn.microsoft.com/en-us/skype/ucwa/errorsandinformationalmessages,https://docs.microsoft.com/en-us/skype/ucwa/errorsandinformationalmessages
https://msdn.microsoft.com/en-us/skype/ucwa/eventchanneldetails,https://docs.microsoft.com/en-us/skype/ucwa/eventchanneldetails
https://msdn.microsoft.com/en-us/skype/ucwa/eventsinucwa,https://docs.microsoft.com/en-us/skype/ucwa/eventsinucwa
https://msdn.microsoft.com/en-us/skype/ucwa/eventslibrary,https://docs.microsoft.com/en-us/skype/ucwa/eventslibrary
https://msdn.microsoft.com/en-us/skype/ucwa/extendapresencesubscription,https://docs.microsoft.com/en-us/skype/ucwa/extendapresencesubscription
https://msdn.microsoft.com/en-us/skype/ucwa/generalhelperlibrary,https://docs.microsoft.com/en-us/skype/ucwa/generalhelperlibrary
https://msdn.microsoft.com/en-us/skype/ucwa/genericpolicy_ref,https://docs.microsoft.com/en-us/skype/ucwa/genericpolicy_ref
https://msdn.microsoft.com/en-us/skype/ucwa/genericsynchronouserrors,https://docs.microsoft.com/en-us/skype/ucwa/genericsynchronouserrors
https://msdn.microsoft.com/en-us/skype/ucwa/getacontactdata,https://docs.microsoft.com/en-us/skype/ucwa/getacontactdata
https://msdn.microsoft.com/en-us/skype/ucwa/getmynoteinformation,https://docs.microsoft.com/en-us/skype/ucwa/getmynoteinformation
https://msdn.microsoft.com/en-us/skype/ucwa/getmyphoto,https://docs.microsoft.com/en-us/skype/ucwa/getmyphoto
https://msdn.microsoft.com/en-us/skype/ucwa/getmypresenceinformation,https://docs.microsoft.com/en-us/skype/ucwa/getmypresenceinformation
https://msdn.microsoft.com/en-us/skype/ucwa/getpresencedataofacontact,https://docs.microsoft.com/en-us/skype/ucwa/getpresencedataofacontact
https://msdn.microsoft.com/en-us/skype/ucwa/getuserscontactlist,https://docs.microsoft.com/en-us/skype/ucwa/getuserscontactlist
https://msdn.microsoft.com/en-us/skype/ucwa/groupingrequestsinabatch,https://docs.microsoft.com/en-us/skype/ucwa/groupingrequestsinabatch
https://msdn.microsoft.com/en-us/skype/ucwa/http,https://docs.microsoft.com/en-us/skype/ucwa/http
https://msdn.microsoft.com/en-us/skype/ucwa/hypermedia,https://docs.microsoft.com/en-us/skype/ucwa/hypermedia
https://msdn.microsoft.com/en-us/skype/ucwa/immediateforwardsettingstarget_ref,https://docs.microsoft.com/en-us/skype/ucwa/immediateforwardsettingstarget_ref
https://msdn.microsoft.com/en-us/skype/ucwa/importance_ref,https://docs.microsoft.com/en-us/skype/ucwa/importance_ref
https://msdn.microsoft.com/en-us/skype/ucwa/invitationstate_ref,https://docs.microsoft.com/en-us/skype/ucwa/invitationstate_ref
https://msdn.microsoft.com/en-us/skype/ucwa/keyprogrammingconcepts,https://docs.microsoft.com/en-us/skype/ucwa/keyprogrammingconcepts
https://msdn.microsoft.com/en-us/skype/ucwa/keytasks,https://docs.microsoft.com/en-us/skype/ucwa/keytasks
https://msdn.microsoft.com/en-us/skype/ucwa/largemeetingmode_ref,https://docs.microsoft.com/en-us/skype/ucwa/largemeetingmode_ref
https://msdn.microsoft.com/en-us/skype/ucwa/lisqueryresultenum_ref,https://docs.microsoft.com/en-us/skype/ucwa/lisqueryresultenum_ref
https://msdn.microsoft.com/en-us/skype/ucwa/lobbybypassforphoneusers_ref,https://docs.microsoft.com/en-us/skype/ucwa/lobbybypassforphoneusers_ref
https://msdn.microsoft.com/en-us/skype/ucwa/locationrequiredenum_ref,https://docs.microsoft.com/en-us/skype/ucwa/locationrequiredenum_ref
https://msdn.microsoft.com/en-us/skype/ucwa/managemultitabapplications,https://docs.microsoft.com/en-us/skype/ucwa/managemultitabapplications
https://msdn.microsoft.com/en-us/skype/ucwa/medashboard,https://docs.microsoft.com/en-us/skype/ucwa/medashboard
https://msdn.microsoft.com/en-us/skype/ucwa/metasks,https://docs.microsoft.com/en-us/skype/ucwa/metasks
https://msdn.microsoft.com/en-us/skype/ucwa/mediadirectiontype_ref,https://docs.microsoft.com/en-us/skype/ucwa/mediadirectiontype_ref
https://msdn.microsoft.com/en-us/skype/ucwa/messageformat_ref,https://docs.microsoft.com/en-us/skype/ucwa/messageformat_ref
https://msdn.microsoft.com/en-us/skype/ucwa/mimelibrary,https://docs.microsoft.com/en-us/skype/ucwa/mimelibrary
https://msdn.microsoft.com/en-us/skype/ucwa/modalitytype_ref,https://docs.microsoft.com/en-us/skype/ucwa/modalitytype_ref
https://msdn.microsoft.com/en-us/skype/ucwa/multitabsupport,https://docs.microsoft.com/en-us/skype/ucwa/multitabsupport
https://msdn.microsoft.com/en-us/skype/ucwa/mutestatus_ref,https://docs.microsoft.com/en-us/skype/ucwa/mutestatus_ref
https://msdn.microsoft.com/en-us/skype/ucwa/notetype_ref,https://docs.microsoft.com/en-us/skype/ucwa/notetype_ref
https://msdn.microsoft.com/en-us/skype/ucwa/onlinemeetingextensiontype_ref,https://docs.microsoft.com/en-us/skype/ucwa/onlinemeetingextensiontype_ref
https://msdn.microsoft.com/en-us/skype/ucwa/onlinemeetingrel_ref,https://docs.microsoft.com/en-us/skype/ucwa/onlinemeetingrel_ref
https://msdn.microsoft.com/en-us/skype/ucwa/onlinemeetingtasks,https://docs.microsoft.com/en-us/skype/ucwa/onlinemeetingtasks
https://msdn.microsoft.com/en-us/skype/ucwa/onlinemeetingsdashboard,https://docs.microsoft.com/en-us/skype/ucwa/onlinemeetingsdashboard
https://msdn.microsoft.com/en-us/skype/ucwa/operationresource,https://docs.microsoft.com/en-us/skype/ucwa/operationresource
https://msdn.microsoft.com/en-us/skype/ucwa/operationresourcelibrary,https://docs.microsoft.com/en-us/skype/ucwa/operationresourcelibrary
https://msdn.microsoft.com/en-us/skype/ucwa/payloadformat,https://docs.microsoft.com/en-us/skype/ucwa/payloadformat
https://msdn.microsoft.com/en-us/skype/ucwa/peopledashboard,https://docs.microsoft.com/en-us/skype/ucwa/peopledashboard
https://msdn.microsoft.com/en-us/skype/ucwa/peopletasks,https://docs.microsoft.com/en-us/skype/ucwa/peopletasks
https://msdn.microsoft.com/en-us/skype/ucwa/phoneuseradmission_ref,https://docs.microsoft.com/en-us/skype/ucwa/phoneuseradmission_ref
https://msdn.microsoft.com/en-us/skype/ucwa/preferredavailability_ref,https://docs.microsoft.com/en-us/skype/ucwa/preferredavailability_ref
https://msdn.microsoft.com/en-us/skype/ucwa/privacyrelationshiplevel_ref,https://docs.microsoft.com/en-us/skype/ucwa/privacyrelationshiplevel_ref
https://msdn.microsoft.com/en-us/skype/ucwa/queryparameters,https://docs.microsoft.com/en-us/skype/ucwa/queryparameters
https://msdn.microsoft.com/en-us/skype/ucwa/renegotiationdeclinereason_ref,https://docs.microsoft.com/en-us/skype/ucwa/renegotiationdeclinereason_ref
https://msdn.microsoft.com/en-us/skype/ucwa/receiveanim,https://docs.microsoft.com/en-us/skype/ucwa/receiveanim
https://msdn.microsoft.com/en-us/skype/ucwa/registeringyourapplicationinazuread,https://docs.microsoft.com/en-us/skype/ucwa/registeringyourapplicationinazuread
https://msdn.microsoft.com/en-us/skype/ucwa/relaylocation_ref,https://docs.microsoft.com/en-us/skype/ucwa/relaylocation_ref
https://msdn.microsoft.com/en-us/skype/ucwa/requirementpolicy_ref,https://docs.microsoft.com/en-us/skype/ucwa/requirementpolicy_ref
https://msdn.microsoft.com/en-us/skype/ucwa/resetmynoteinfo,https://docs.microsoft.com/en-us/skype/ucwa/resetmynoteinfo
https://msdn.microsoft.com/en-us/skype/ucwa/resetmypresenceinformation,https://docs.microsoft.com/en-us/skype/ucwa/resetmypresenceinformation
https://msdn.microsoft.com/en-us/skype/ucwa/resourcelist,https://docs.microsoft.com/en-us/skype/ucwa/resourcelist
https://msdn.microsoft.com/en-us/skype/ucwa/resourcesinucwa,https://docs.microsoft.com/en-us/skype/ucwa/resourcesinucwa
https://msdn.microsoft.com/en-us/skype/ucwa/role_ref,https://docs.microsoft.com/en-us/skype/ucwa/role_ref
https://msdn.microsoft.com/en-us/skype/ucwa/rooturl,https://docs.microsoft.com/en-us/skype/ucwa/rooturl
https://msdn.microsoft.com/en-us/skype/ucwa/scheduleanonlinemeeting,https://docs.microsoft.com/en-us/skype/ucwa/scheduleanonlinemeeting
https://msdn.microsoft.com/en-us/skype/ucwa/searchforuserscontact,https://docs.microsoft.com/en-us/skype/ucwa/searchforuserscontact
https://msdn.microsoft.com/en-us/skype/ucwa/sendanim,https://docs.microsoft.com/en-us/skype/ucwa/sendanim
https://msdn.microsoft.com/en-us/skype/ucwa/sessionstate_ref,https://docs.microsoft.com/en-us/skype/ucwa/sessionstate_ref
https://msdn.microsoft.com/en-us/skype/ucwa/setmypresenceinformation,https://docs.microsoft.com/en-us/skype/ucwa/setmypresenceinformation
https://msdn.microsoft.com/en-us/skype/ucwa/setmynoteinformation,https://docs.microsoft.com/en-us/skype/ucwa/setmynoteinformation
https://msdn.microsoft.com/en-us/skype/ucwa/simultaneousringtarget_ref,https://docs.microsoft.com/en-us/skype/ucwa/simultaneousringtarget_ref
https://msdn.microsoft.com/en-us/skype/ucwa/skypeforbusinessonlinescopepermissions,https://docs.microsoft.com/en-us/skype/ucwa/skypeforbusinessonlinescopepermissions
https://msdn.microsoft.com/en-us/skype/ucwa/sourcenetwork_ref,https://docs.microsoft.com/en-us/skype/ucwa/sourcenetwork_ref
https://msdn.microsoft.com/en-us/skype/ucwa/status_ref,https://docs.microsoft.com/en-us/skype/ucwa/status_ref
https://msdn.microsoft.com/en-us/skype/ucwa/subscribetothepresenceofagroupofcontacts,https://docs.microsoft.com/en-us/skype/ucwa/subscribetothepresenceofagroupofcontacts
https://msdn.microsoft.com/en-us/skype/ucwa/subscribetothepresenceofselectedcontacts,https://docs.microsoft.com/en-us/skype/ucwa/subscribetothepresenceofselectedcontacts
https://msdn.microsoft.com/en-us/skype/ucwa/subscriptionstate_ref,https://docs.microsoft.com/en-us/skype/ucwa/subscriptionstate_ref
https://msdn.microsoft.com/en-us/skype/ucwa/supportedtopologies,https://docs.microsoft.com/en-us/skype/ucwa/supportedtopologies
https://msdn.microsoft.com/en-us/skype/ucwa/traceanddebugtools,https://docs.microsoft.com/en-us/skype/ucwa/traceanddebugtools
https://msdn.microsoft.com/en-us/skype/ucwa/transportlibrary,https://docs.microsoft.com/en-us/skype/ucwa/transportlibrary
https://msdn.microsoft.com/en-us/skype/ucwa/ucwa2_0apireference,https://docs.microsoft.com/en-us/skype/ucwa/ucwa2_0apireference
https://msdn.microsoft.com/en-us/skype/ucwa/ucwa2_0generalreference,https://docs.microsoft.com/en-us/skype/ucwa/ucwa2_0generalreference
https://msdn.microsoft.com/en-us/skype/ucwa/ucwahelperlibrary,https://docs.microsoft.com/en-us/skype/ucwa/ucwahelperlibrary
https://msdn.microsoft.com/en-us/skype/ucwa/ucwaresources,https://docs.microsoft.com/en-us/skype/ucwa/ucwaresources
https://msdn.microsoft.com/en-us/skype/ucwa/ucwa_it_administration,https://docs.microsoft.com/en-us/skype/ucwa/ucwa_it_administration
https://msdn.microsoft.com/en-us/skype/ucwa/ucwaenumerations,https://docs.microsoft.com/en-us/skype/ucwa/ucwaenumerations
https://msdn.microsoft.com/en-us/skype/ucwa/unansweredcallhandlingtarget_ref,https://docs.microsoft.com/en-us/skype/ucwa/unansweredcallhandlingtarget_ref
https://msdn.microsoft.com/en-us/skype/ucwa/unansweredcallhandling_ref,https://docs.microsoft.com/en-us/skype/ucwa/unansweredcallhandling_ref
https://msdn.microsoft.com/en-us/skype/ucwa/unifiedcommunicationswebapi2_0,https://docs.microsoft.com/en-us/skype/ucwa/unifiedcommunicationswebapi2_0
https://msdn.microsoft.com/en-us/skype/ucwa/unifiedcommunicationswebapi2_0sdkdocumentation,https://docs.microsoft.com/en-us/skype/ucwa/unifiedcommunicationswebapi2_0sdkdocumentation
https://msdn.microsoft.com/en-us/skype/ucwa/updateanonlinemeeting,https://docs.microsoft.com/en-us/skype/ucwa/updateanonlinemeeting
https://msdn.microsoft.com/en-us/skype/ucwa/versioning,https://docs.microsoft.com/en-us/skype/ucwa/versioning
https://msdn.microsoft.com/en-us/skype/ucwa/videosourcesallowed_ref,https://docs.microsoft.com/en-us/skype/ucwa/videosourcesallowed_ref
https://msdn.microsoft.com/en-us/skype/ucwa/weblinks,https://docs.microsoft.com/en-us/skype/ucwa/weblinks
https://msdn.microsoft.com/en-us/skype/ucwa/whatsnewinucwa2_0,https://docs.microsoft.com/en-us/skype/ucwa/whatsnewinucwa2_0
https://msdn.microsoft.com/en-us/skype/ucwa/acceptwithanswer_ref,https://docs.microsoft.com/en-us/skype/ucwa/acceptwithanswer_ref
https://msdn.microsoft.com/en-us/skype/ucwa/acceptwithphoneaudio_ref,https://docs.microsoft.com/en-us/skype/ucwa/acceptwithphoneaudio_ref
https://msdn.microsoft.com/en-us/skype/ucwa/accept_ref,https://docs.microsoft.com/en-us/skype/ucwa/accept_ref
https://msdn.microsoft.com/en-us/skype/ucwa/acceptedbycontact_ref,https://docs.microsoft.com/en-us/skype/ucwa/acceptedbycontact_ref
https://msdn.microsoft.com/en-us/skype/ucwa/acceptedbyparticipant_ref,https://docs.microsoft.com/en-us/skype/ucwa/acceptedbyparticipant_ref
https://msdn.microsoft.com/en-us/skype/ucwa/addaudiovideo_ref,https://docs.microsoft.com/en-us/skype/ucwa/addaudiovideo_ref
https://msdn.microsoft.com/en-us/skype/ucwa/addaudio_ref,https://docs.microsoft.com/en-us/skype/ucwa/addaudio_ref
https://msdn.microsoft.com/en-us/skype/ucwa/addmessaging_ref,https://docs.microsoft.com/en-us/skype/ucwa/addmessaging_ref
https://msdn.microsoft.com/en-us/skype/ucwa/addparticipant_ref,https://docs.microsoft.com/en-us/skype/ucwa/addparticipant_ref
https://msdn.microsoft.com/en-us/skype/ucwa/addphoneaudio_ref,https://docs.microsoft.com/en-us/skype/ucwa/addphoneaudio_ref
https://msdn.microsoft.com/en-us/skype/ucwa/addtocontactlist_ref,https://docs.microsoft.com/en-us/skype/ucwa/addtocontactlist_ref
https://msdn.microsoft.com/en-us/skype/ucwa/addtopresencesubscription_ref,https://docs.microsoft.com/en-us/skype/ucwa/addtopresencesubscription_ref
https://msdn.microsoft.com/en-us/skype/ucwa/addvideo_ref,https://docs.microsoft.com/en-us/skype/ucwa/addvideo_ref
https://msdn.microsoft.com/en-us/skype/ucwa/admit_ref,https://docs.microsoft.com/en-us/skype/ucwa/admit_ref
https://msdn.microsoft.com/en-us/skype/ucwa/anonapplications_ref,https://docs.microsoft.com/en-us/skype/ucwa/anonapplications_ref
https://msdn.microsoft.com/en-us/skype/ucwa/answer_ref,https://docs.microsoft.com/en-us/skype/ucwa/answer_ref
https://msdn.microsoft.com/en-us/skype/ucwa/applicationsharer_ref,https://docs.microsoft.com/en-us/skype/ucwa/applicationsharer_ref
https://msdn.microsoft.com/en-us/skype/ucwa/applicationsharingrenegotiation_ref,https://docs.microsoft.com/en-us/skype/ucwa/applicationsharingrenegotiation_ref
https://msdn.microsoft.com/en-us/skype/ucwa/applicationsharing_ref,https://docs.microsoft.com/en-us/skype/ucwa/applicationsharing_ref
https://msdn.microsoft.com/en-us/skype/ucwa/application_ref,https://docs.microsoft.com/en-us/skype/ucwa/application_ref
https://msdn.microsoft.com/en-us/skype/ucwa/applications2_ref,https://docs.microsoft.com/en-us/skype/ucwa/applications2_ref
https://msdn.microsoft.com/en-us/skype/ucwa/applications_ref,https://docs.microsoft.com/en-us/skype/ucwa/applications_ref
https://msdn.microsoft.com/en-us/skype/ucwa/attendees_ref,https://docs.microsoft.com/en-us/skype/ucwa/attendees_ref
https://msdn.microsoft.com/en-us/skype/ucwa/audiotranscript_ref,https://docs.microsoft.com/en-us/skype/ucwa/audiotranscript_ref
https://msdn.microsoft.com/en-us/skype/ucwa/audiovideoinvitation_ref,https://docs.microsoft.com/en-us/skype/ucwa/audiovideoinvitation_ref
https://msdn.microsoft.com/en-us/skype/ucwa/audiovideonegotiation_ref,https://docs.microsoft.com/en-us/skype/ucwa/audiovideonegotiation_ref
https://msdn.microsoft.com/en-us/skype/ucwa/audiovideopolicies_ref,https://docs.microsoft.com/en-us/skype/ucwa/audiovideopolicies_ref
https://msdn.microsoft.com/en-us/skype/ucwa/audiovideorenegotiation_ref,https://docs.microsoft.com/en-us/skype/ucwa/audiovideorenegotiation_ref
https://msdn.microsoft.com/en-us/skype/ucwa/audiovideosession_ref,https://docs.microsoft.com/en-us/skype/ucwa/audiovideosession_ref
https://msdn.microsoft.com/en-us/skype/ucwa/audiovideosessions_ref,https://docs.microsoft.com/en-us/skype/ucwa/audiovideosessions_ref
https://msdn.microsoft.com/en-us/skype/ucwa/audiovideo_ref,https://docs.microsoft.com/en-us/skype/ucwa/audiovideo_ref
https://msdn.microsoft.com/en-us/skype/ucwa/batch_ref,https://docs.microsoft.com/en-us/skype/ucwa/batch_ref
https://msdn.microsoft.com/en-us/skype/ucwa/callforwardingsettings_ref,https://docs.microsoft.com/en-us/skype/ucwa/callforwardingsettings_ref
https://msdn.microsoft.com/en-us/skype/ucwa/cancel_ref,https://docs.microsoft.com/en-us/skype/ucwa/cancel_ref
https://msdn.microsoft.com/en-us/skype/ucwa/changenumber_ref,https://docs.microsoft.com/en-us/skype/ucwa/changenumber_ref
https://msdn.microsoft.com/en-us/skype/ucwa/changevisibility_ref,https://docs.microsoft.com/en-us/skype/ucwa/changevisibility_ref
https://msdn.microsoft.com/en-us/skype/ucwa/communication_ref,https://docs.microsoft.com/en-us/skype/ucwa/communication_ref
https://msdn.microsoft.com/en-us/skype/ucwa/contactlocation_ref,https://docs.microsoft.com/en-us/skype/ucwa/contactlocation_ref
https://msdn.microsoft.com/en-us/skype/ucwa/contactnote_ref,https://docs.microsoft.com/en-us/skype/ucwa/contactnote_ref
https://msdn.microsoft.com/en-us/skype/ucwa/contactphoto_ref,https://docs.microsoft.com/en-us/skype/ucwa/contactphoto_ref
https://msdn.microsoft.com/en-us/skype/ucwa/contactpresence_ref,https://docs.microsoft.com/en-us/skype/ucwa/contactpresence_ref
https://msdn.microsoft.com/en-us/skype/ucwa/contactprivacyrelationship2_ref,https://docs.microsoft.com/en-us/skype/ucwa/contactprivacyrelationship2_ref
https://msdn.microsoft.com/en-us/skype/ucwa/contactprivacyrelationship_ref,https://docs.microsoft.com/en-us/skype/ucwa/contactprivacyrelationship_ref
https://msdn.microsoft.com/en-us/skype/ucwa/contactsupportedmodalities_ref,https://docs.microsoft.com/en-us/skype/ucwa/contactsupportedmodalities_ref
https://msdn.microsoft.com/en-us/skype/ucwa/contact_ref,https://docs.microsoft.com/en-us/skype/ucwa/contact_ref
https://msdn.microsoft.com/en-us/skype/ucwa/continueaudiovideo_ref,https://docs.microsoft.com/en-us/skype/ucwa/continueaudiovideo_ref
https://msdn.microsoft.com/en-us/skype/ucwa/continueaudio_ref,https://docs.microsoft.com/en-us/skype/ucwa/continueaudio_ref
https://msdn.microsoft.com/en-us/skype/ucwa/continuemessaging_ref,https://docs.microsoft.com/en-us/skype/ucwa/continuemessaging_ref
https://msdn.microsoft.com/en-us/skype/ucwa/continuephoneaudio_ref,https://docs.microsoft.com/en-us/skype/ucwa/continuephoneaudio_ref
https://msdn.microsoft.com/en-us/skype/ucwa/continuevideo_ref,https://docs.microsoft.com/en-us/skype/ucwa/continuevideo_ref
https://msdn.microsoft.com/en-us/skype/ucwa/conversationextensionresult_ref,https://docs.microsoft.com/en-us/skype/ucwa/conversationextensionresult_ref
https://msdn.microsoft.com/en-us/skype/ucwa/conversationlogrecipient_ref,https://docs.microsoft.com/en-us/skype/ucwa/conversationlogrecipient_ref
https://msdn.microsoft.com/en-us/skype/ucwa/conversationlogtranscript_ref,https://docs.microsoft.com/en-us/skype/ucwa/conversationlogtranscript_ref
https://msdn.microsoft.com/en-us/skype/ucwa/conversationlogtranscripts_ref,https://docs.microsoft.com/en-us/skype/ucwa/conversationlogtranscripts_ref
https://msdn.microsoft.com/en-us/skype/ucwa/conversationlog_ref,https://docs.microsoft.com/en-us/skype/ucwa/conversationlog_ref
https://msdn.microsoft.com/en-us/skype/ucwa/conversationlogs_ref,https://docs.microsoft.com/en-us/skype/ucwa/conversationlogs_ref
https://msdn.microsoft.com/en-us/skype/ucwa/conversation_ref,https://docs.microsoft.com/en-us/skype/ucwa/conversation_ref
https://msdn.microsoft.com/en-us/skype/ucwa/conversations_ref,https://docs.microsoft.com/en-us/skype/ucwa/conversations_ref
https://msdn.microsoft.com/en-us/skype/ucwa/datacollaboration_ref,https://docs.microsoft.com/en-us/skype/ucwa/datacollaboration_ref
https://msdn.microsoft.com/en-us/skype/ucwa/decline_ref,https://docs.microsoft.com/en-us/skype/ucwa/decline_ref
https://msdn.microsoft.com/en-us/skype/ucwa/defaultgroup_ref,https://docs.microsoft.com/en-us/skype/ucwa/defaultgroup_ref
https://msdn.microsoft.com/en-us/skype/ucwa/delegatesgroup_ref,https://docs.microsoft.com/en-us/skype/ucwa/delegatesgroup_ref
https://msdn.microsoft.com/en-us/skype/ucwa/delegator_ref,https://docs.microsoft.com/en-us/skype/ucwa/delegator_ref
https://msdn.microsoft.com/en-us/skype/ucwa/delegatorsgroup_ref,https://docs.microsoft.com/en-us/skype/ucwa/delegatorsgroup_ref
https://msdn.microsoft.com/en-us/skype/ucwa/demote_ref,https://docs.microsoft.com/en-us/skype/ucwa/demote_ref
https://msdn.microsoft.com/en-us/skype/ucwa/derivedaudiovideo_ref,https://docs.microsoft.com/en-us/skype/ucwa/derivedaudiovideo_ref
https://msdn.microsoft.com/en-us/skype/ucwa/derivedconversation_ref,https://docs.microsoft.com/en-us/skype/ucwa/derivedconversation_ref
https://msdn.microsoft.com/en-us/skype/ucwa/derivedmessaging_ref,https://docs.microsoft.com/en-us/skype/ucwa/derivedmessaging_ref
https://msdn.microsoft.com/en-us/skype/ucwa/derivedphoneaudio_ref,https://docs.microsoft.com/en-us/skype/ucwa/derivedphoneaudio_ref
https://msdn.microsoft.com/en-us/skype/ucwa/dialinregion_ref,https://docs.microsoft.com/en-us/skype/ucwa/dialinregion_ref
https://msdn.microsoft.com/en-us/skype/ucwa/disableaudiencemessaging_ref,https://docs.microsoft.com/en-us/skype/ucwa/disableaudiencemessaging_ref
https://msdn.microsoft.com/en-us/skype/ucwa/disableaudiencemutelock_ref,https://docs.microsoft.com/en-us/skype/ucwa/disableaudiencemutelock_ref
https://msdn.microsoft.com/en-us/skype/ucwa/dismiss_ref,https://docs.microsoft.com/en-us/skype/ucwa/dismiss_ref
https://msdn.microsoft.com/en-us/skype/ucwa/distributiongroup_ref,https://docs.microsoft.com/en-us/skype/ucwa/distributiongroup_ref
https://msdn.microsoft.com/en-us/skype/ucwa/eject_ref,https://docs.microsoft.com/en-us/skype/ucwa/eject_ref
https://msdn.microsoft.com/en-us/skype/ucwa/enableaudiencemessaging_ref,https://docs.microsoft.com/en-us/skype/ucwa/enableaudiencemessaging_ref
https://msdn.microsoft.com/en-us/skype/ucwa/enableaudiencemutelock_ref,https://docs.microsoft.com/en-us/skype/ucwa/enableaudiencemutelock_ref
https://msdn.microsoft.com/en-us/skype/ucwa/errortranscript_ref,https://docs.microsoft.com/en-us/skype/ucwa/errortranscript_ref
https://msdn.microsoft.com/en-us/skype/ucwa/escalateaudiovideo_ref,https://docs.microsoft.com/en-us/skype/ucwa/escalateaudiovideo_ref
https://msdn.microsoft.com/en-us/skype/ucwa/escalateaudio_ref,https://docs.microsoft.com/en-us/skype/ucwa/escalateaudio_ref
https://msdn.microsoft.com/en-us/skype/ucwa/events_ref,https://docs.microsoft.com/en-us/skype/ucwa/events_ref
https://msdn.microsoft.com/en-us/skype/ucwa/expanddistributiongroup_ref,https://docs.microsoft.com/en-us/skype/ucwa/expanddistributiongroup_ref
https://msdn.microsoft.com/en-us/skype/ucwa/faileddeliveryparticipant_ref,https://docs.microsoft.com/en-us/skype/ucwa/faileddeliveryparticipant_ref
https://msdn.microsoft.com/en-us/skype/ucwa/forwardedby_ref,https://docs.microsoft.com/en-us/skype/ucwa/forwardedby_ref
https://msdn.microsoft.com/en-us/skype/ucwa/from_ref,https://docs.microsoft.com/en-us/skype/ucwa/from_ref
https://msdn.microsoft.com/en-us/skype/ucwa/group2_ref,https://docs.microsoft.com/en-us/skype/ucwa/group2_ref
https://msdn.microsoft.com/en-us/skype/ucwa/groupcontacts_ref,https://docs.microsoft.com/en-us/skype/ucwa/groupcontacts_ref
https://msdn.microsoft.com/en-us/skype/ucwa/groupmemberships_ref,https://docs.microsoft.com/en-us/skype/ucwa/groupmemberships_ref
https://msdn.microsoft.com/en-us/skype/ucwa/group_ref,https://docs.microsoft.com/en-us/skype/ucwa/group_ref
https://msdn.microsoft.com/en-us/skype/ucwa/holdphoneaudio_ref,https://docs.microsoft.com/en-us/skype/ucwa/holdphoneaudio_ref
https://msdn.microsoft.com/en-us/skype/ucwa/immediateforwardsettings_ref,https://docs.microsoft.com/en-us/skype/ucwa/immediateforwardsettings_ref
https://msdn.microsoft.com/en-us/skype/ucwa/immediateforwardtocontact_ref,https://docs.microsoft.com/en-us/skype/ucwa/immediateforwardtocontact_ref
https://msdn.microsoft.com/en-us/skype/ucwa/immediateforwardtodelegates_ref,https://docs.microsoft.com/en-us/skype/ucwa/immediateforwardtodelegates_ref
https://msdn.microsoft.com/en-us/skype/ucwa/immediateforwardtovoicemail_ref,https://docs.microsoft.com/en-us/skype/ucwa/immediateforwardtovoicemail_ref
https://msdn.microsoft.com/en-us/skype/ucwa/invitation_ref,https://docs.microsoft.com/en-us/skype/ucwa/invitation_ref
https://msdn.microsoft.com/en-us/skype/ucwa/invitations_ref,https://docs.microsoft.com/en-us/skype/ucwa/invitations_ref
https://msdn.microsoft.com/en-us/skype/ucwa/joinonlinemeeting_ref,https://docs.microsoft.com/en-us/skype/ucwa/joinonlinemeeting_ref
https://msdn.microsoft.com/en-us/skype/ucwa/leaders_ref,https://docs.microsoft.com/en-us/skype/ucwa/leaders_ref
https://msdn.microsoft.com/en-us/skype/ucwa/lobby_ref,https://docs.microsoft.com/en-us/skype/ucwa/lobby_ref
https://msdn.microsoft.com/en-us/skype/ucwa/localparticipant_ref,https://docs.microsoft.com/en-us/skype/ucwa/localparticipant_ref
https://msdn.microsoft.com/en-us/skype/ucwa/location_ref,https://docs.microsoft.com/en-us/skype/ucwa/location_ref
https://msdn.microsoft.com/en-us/skype/ucwa/makemeavailable2_ref,https://docs.microsoft.com/en-us/skype/ucwa/makemeavailable2_ref
https://msdn.microsoft.com/en-us/skype/ucwa/makemeavailable_ref,https://docs.microsoft.com/en-us/skype/ucwa/makemeavailable_ref
https://msdn.microsoft.com/en-us/skype/ucwa/markasread_ref,https://docs.microsoft.com/en-us/skype/ucwa/markasread_ref
https://msdn.microsoft.com/en-us/skype/ucwa/me_ref,https://docs.microsoft.com/en-us/skype/ucwa/me_ref
https://msdn.microsoft.com/en-us/skype/ucwa/mediadiagnostics_ref,https://docs.microsoft.com/en-us/skype/ucwa/mediadiagnostics_ref
https://msdn.microsoft.com/en-us/skype/ucwa/mediapolicies_ref,https://docs.microsoft.com/en-us/skype/ucwa/mediapolicies_ref
https://msdn.microsoft.com/en-us/skype/ucwa/mediarelayaccesstoken_ref,https://docs.microsoft.com/en-us/skype/ucwa/mediarelayaccesstoken_ref
https://msdn.microsoft.com/en-us/skype/ucwa/mediarelay_ref,https://docs.microsoft.com/en-us/skype/ucwa/mediarelay_ref
https://msdn.microsoft.com/en-us/skype/ucwa/memberships_ref,https://docs.microsoft.com/en-us/skype/ucwa/memberships_ref
https://msdn.microsoft.com/en-us/skype/ucwa/messagetranscript_ref,https://docs.microsoft.com/en-us/skype/ucwa/messagetranscript_ref
https://msdn.microsoft.com/en-us/skype/ucwa/message_ref,https://docs.microsoft.com/en-us/skype/ucwa/message_ref
https://msdn.microsoft.com/en-us/skype/ucwa/messages_ref,https://docs.microsoft.com/en-us/skype/ucwa/messages_ref
https://msdn.microsoft.com/en-us/skype/ucwa/messaginginvitation_ref,https://docs.microsoft.com/en-us/skype/ucwa/messaginginvitation_ref
https://msdn.microsoft.com/en-us/skype/ucwa/messaging_ref,https://docs.microsoft.com/en-us/skype/ucwa/messaging_ref
https://msdn.microsoft.com/en-us/skype/ucwa/misseditems_ref,https://docs.microsoft.com/en-us/skype/ucwa/misseditems_ref
https://msdn.microsoft.com/en-us/skype/ucwa/muteaudio_ref,https://docs.microsoft.com/en-us/skype/ucwa/muteaudio_ref
https://msdn.microsoft.com/en-us/skype/ucwa/mutevideo_ref,https://docs.microsoft.com/en-us/skype/ucwa/mutevideo_ref
https://msdn.microsoft.com/en-us/skype/ucwa/myassignedonlinemeeting_ref,https://docs.microsoft.com/en-us/skype/ucwa/myassignedonlinemeeting_ref
https://msdn.microsoft.com/en-us/skype/ucwa/mycontactsandgroupssubscription_ref,https://docs.microsoft.com/en-us/skype/ucwa/mycontactsandgroupssubscription_ref
https://msdn.microsoft.com/en-us/skype/ucwa/mycontacts_ref,https://docs.microsoft.com/en-us/skype/ucwa/mycontacts_ref
https://msdn.microsoft.com/en-us/skype/ucwa/mygroupmembership2_ref,https://docs.microsoft.com/en-us/skype/ucwa/mygroupmembership2_ref
https://msdn.microsoft.com/en-us/skype/ucwa/mygroupmembership_ref,https://docs.microsoft.com/en-us/skype/ucwa/mygroupmembership_ref
https://msdn.microsoft.com/en-us/skype/ucwa/mygroupmemberships2_ref,https://docs.microsoft.com/en-us/skype/ucwa/mygroupmemberships2_ref
https://msdn.microsoft.com/en-us/skype/ucwa/mygroupmemberships_ref,https://docs.microsoft.com/en-us/skype/ucwa/mygroupmemberships_ref
https://msdn.microsoft.com/en-us/skype/ucwa/mygroups2_ref,https://docs.microsoft.com/en-us/skype/ucwa/mygroups2_ref
https://msdn.microsoft.com/en-us/skype/ucwa/mygroups_ref,https://docs.microsoft.com/en-us/skype/ucwa/mygroups_ref
https://msdn.microsoft.com/en-us/skype/ucwa/myonlinemeeting_ref,https://docs.microsoft.com/en-us/skype/ucwa/myonlinemeeting_ref
https://msdn.microsoft.com/en-us/skype/ucwa/myonlinemeetings_ref,https://docs.microsoft.com/en-us/skype/ucwa/myonlinemeetings_ref
https://msdn.microsoft.com/en-us/skype/ucwa/myorganizationgroup_ref,https://docs.microsoft.com/en-us/skype/ucwa/myorganizationgroup_ref
https://msdn.microsoft.com/en-us/skype/ucwa/myprivacyrelationship_ref,https://docs.microsoft.com/en-us/skype/ucwa/myprivacyrelationship_ref
https://msdn.microsoft.com/en-us/skype/ucwa/myprivacyrelationships_ref,https://docs.microsoft.com/en-us/skype/ucwa/myprivacyrelationships_ref
https://msdn.microsoft.com/en-us/skype/ucwa/nextconversationlogtranscripts_ref,https://docs.microsoft.com/en-us/skype/ucwa/nextconversationlogtranscripts_ref
https://msdn.microsoft.com/en-us/skype/ucwa/note_ref,https://docs.microsoft.com/en-us/skype/ucwa/note_ref
https://msdn.microsoft.com/en-us/skype/ucwa/onbehalfof_ref,https://docs.microsoft.com/en-us/skype/ucwa/onbehalfof_ref
https://msdn.microsoft.com/en-us/skype/ucwa/onlinemeetingdefaultvalues_ref,https://docs.microsoft.com/en-us/skype/ucwa/onlinemeetingdefaultvalues_ref
https://msdn.microsoft.com/en-us/skype/ucwa/onlinemeetingeligiblevalues_ref,https://docs.microsoft.com/en-us/skype/ucwa/onlinemeetingeligiblevalues_ref
https://msdn.microsoft.com/en-us/skype/ucwa/onlinemeetingextension_ref,https://docs.microsoft.com/en-us/skype/ucwa/onlinemeetingextension_ref
https://msdn.microsoft.com/en-us/skype/ucwa/onlinemeetingextensions_ref,https://docs.microsoft.com/en-us/skype/ucwa/onlinemeetingextensions_ref
https://msdn.microsoft.com/en-us/skype/ucwa/onlinemeetinginvitationcustomization_ref,https://docs.microsoft.com/en-us/skype/ucwa/onlinemeetinginvitationcustomization_ref
https://msdn.microsoft.com/en-us/skype/ucwa/onlinemeetinginvitation_ref,https://docs.microsoft.com/en-us/skype/ucwa/onlinemeetinginvitation_ref
https://msdn.microsoft.com/en-us/skype/ucwa/onlinemeetingpolicies_ref,https://docs.microsoft.com/en-us/skype/ucwa/onlinemeetingpolicies_ref
https://msdn.microsoft.com/en-us/skype/ucwa/onlinemeeting_ref,https://docs.microsoft.com/en-us/skype/ucwa/onlinemeeting_ref
https://msdn.microsoft.com/en-us/skype/ucwa/onlinemeetings_ref,https://docs.microsoft.com/en-us/skype/ucwa/onlinemeetings_ref
https://msdn.microsoft.com/en-us/skype/ucwa/organizer_ref,https://docs.microsoft.com/en-us/skype/ucwa/organizer_ref
https://msdn.microsoft.com/en-us/skype/ucwa/participantapplicationsharing_ref,https://docs.microsoft.com/en-us/skype/ucwa/participantapplicationsharing_ref
https://msdn.microsoft.com/en-us/skype/ucwa/participantaudio_ref,https://docs.microsoft.com/en-us/skype/ucwa/participantaudio_ref
https://msdn.microsoft.com/en-us/skype/ucwa/participantdatacollaboration_ref,https://docs.microsoft.com/en-us/skype/ucwa/participantdatacollaboration_ref
https://msdn.microsoft.com/en-us/skype/ucwa/participantinvitation_ref,https://docs.microsoft.com/en-us/skype/ucwa/participantinvitation_ref
https://msdn.microsoft.com/en-us/skype/ucwa/participantmessaging_ref,https://docs.microsoft.com/en-us/skype/ucwa/participantmessaging_ref
https://msdn.microsoft.com/en-us/skype/ucwa/participantpanoramicvideo_ref,https://docs.microsoft.com/en-us/skype/ucwa/participantpanoramicvideo_ref
https://msdn.microsoft.com/en-us/skype/ucwa/participantvideo_ref,https://docs.microsoft.com/en-us/skype/ucwa/participantvideo_ref
https://msdn.microsoft.com/en-us/skype/ucwa/participant_ref,https://docs.microsoft.com/en-us/skype/ucwa/participant_ref
https://msdn.microsoft.com/en-us/skype/ucwa/participants_ref,https://docs.microsoft.com/en-us/skype/ucwa/participants_ref
https://msdn.microsoft.com/en-us/skype/ucwa/people_ref,https://docs.microsoft.com/en-us/skype/ucwa/people_ref
https://msdn.microsoft.com/en-us/skype/ucwa/phoneaudioinvitation_ref,https://docs.microsoft.com/en-us/skype/ucwa/phoneaudioinvitation_ref
https://msdn.microsoft.com/en-us/skype/ucwa/phoneaudio_ref,https://docs.microsoft.com/en-us/skype/ucwa/phoneaudio_ref
https://msdn.microsoft.com/en-us/skype/ucwa/phonedialininformation_ref,https://docs.microsoft.com/en-us/skype/ucwa/phonedialininformation_ref
https://msdn.microsoft.com/en-us/skype/ucwa/phone_ref,https://docs.microsoft.com/en-us/skype/ucwa/phone_ref
https://msdn.microsoft.com/en-us/skype/ucwa/phones_ref,https://docs.microsoft.com/en-us/skype/ucwa/phones_ref
https://msdn.microsoft.com/en-us/skype/ucwa/photo_ref,https://docs.microsoft.com/en-us/skype/ucwa/photo_ref
https://msdn.microsoft.com/en-us/skype/ucwa/pinnedgroup_ref,https://docs.microsoft.com/en-us/skype/ucwa/pinnedgroup_ref
https://msdn.microsoft.com/en-us/skype/ucwa/policies_ref,https://docs.microsoft.com/en-us/skype/ucwa/policies_ref
https://msdn.microsoft.com/en-us/skype/ucwa/presencesubscriptionmembership_ref,https://docs.microsoft.com/en-us/skype/ucwa/presencesubscriptionmembership_ref
https://msdn.microsoft.com/en-us/skype/ucwa/presencesubscriptionmemberships_ref,https://docs.microsoft.com/en-us/skype/ucwa/presencesubscriptionmemberships_ref
https://msdn.microsoft.com/en-us/skype/ucwa/presencesubscription_ref,https://docs.microsoft.com/en-us/skype/ucwa/presencesubscription_ref
https://msdn.microsoft.com/en-us/skype/ucwa/presencesubscriptions_ref,https://docs.microsoft.com/en-us/skype/ucwa/presencesubscriptions_ref
https://msdn.microsoft.com/en-us/skype/ucwa/presence_ref,https://docs.microsoft.com/en-us/skype/ucwa/presence_ref
https://msdn.microsoft.com/en-us/skype/ucwa/promote_ref,https://docs.microsoft.com/en-us/skype/ucwa/promote_ref
https://msdn.microsoft.com/en-us/skype/ucwa/publishcallqualityfeedback_ref,https://docs.microsoft.com/en-us/skype/ucwa/publishcallqualityfeedback_ref
https://msdn.microsoft.com/en-us/skype/ucwa/reason_ref,https://docs.microsoft.com/en-us/skype/ucwa/reason_ref
https://msdn.microsoft.com/en-us/skype/ucwa/redirect_ref,https://docs.microsoft.com/en-us/skype/ucwa/redirect_ref
https://msdn.microsoft.com/en-us/skype/ucwa/reject_ref,https://docs.microsoft.com/en-us/skype/ucwa/reject_ref
https://msdn.microsoft.com/en-us/skype/ucwa/removecontactfromallgroups2_ref,https://docs.microsoft.com/en-us/skype/ucwa/removecontactfromallgroups2_ref
https://msdn.microsoft.com/en-us/skype/ucwa/removecontactfromallgroups_ref,https://docs.microsoft.com/en-us/skype/ucwa/removecontactfromallgroups_ref
https://msdn.microsoft.com/en-us/skype/ucwa/removefromcontactlist_ref,https://docs.microsoft.com/en-us/skype/ucwa/removefromcontactlist_ref
https://msdn.microsoft.com/en-us/skype/ucwa/renegotiations_ref,https://docs.microsoft.com/en-us/skype/ucwa/renegotiations_ref
https://msdn.microsoft.com/en-us/skype/ucwa/replacewithphoneaudio_ref,https://docs.microsoft.com/en-us/skype/ucwa/replacewithphoneaudio_ref
https://msdn.microsoft.com/en-us/skype/ucwa/replacesaudiovideo_ref,https://docs.microsoft.com/en-us/skype/ucwa/replacesaudiovideo_ref
https://msdn.microsoft.com/en-us/skype/ucwa/replacesphoneaudio_ref,https://docs.microsoft.com/en-us/skype/ucwa/replacesphoneaudio_ref
https://msdn.microsoft.com/en-us/skype/ucwa/replaymessage_ref,https://docs.microsoft.com/en-us/skype/ucwa/replaymessage_ref
https://msdn.microsoft.com/en-us/skype/ucwa/reportmediadiagnostics_ref,https://docs.microsoft.com/en-us/skype/ucwa/reportmediadiagnostics_ref
https://msdn.microsoft.com/en-us/skype/ucwa/reportmyactivity_ref,https://docs.microsoft.com/en-us/skype/ucwa/reportmyactivity_ref
https://msdn.microsoft.com/en-us/skype/ucwa/reportmynetwork_ref,https://docs.microsoft.com/en-us/skype/ucwa/reportmynetwork_ref
https://msdn.microsoft.com/en-us/skype/ucwa/resetcontactprivacyrelationship_ref,https://docs.microsoft.com/en-us/skype/ucwa/resetcontactprivacyrelationship_ref
https://msdn.microsoft.com/en-us/skype/ucwa/resetunansweredcallsettings_ref,https://docs.microsoft.com/en-us/skype/ucwa/resetunansweredcallsettings_ref
https://msdn.microsoft.com/en-us/skype/ucwa/resumeaudiovideo_ref,https://docs.microsoft.com/en-us/skype/ucwa/resumeaudiovideo_ref
https://msdn.microsoft.com/en-us/skype/ucwa/resumeaudio_ref,https://docs.microsoft.com/en-us/skype/ucwa/resumeaudio_ref
https://msdn.microsoft.com/en-us/skype/ucwa/resumephoneaudio_ref,https://docs.microsoft.com/en-us/skype/ucwa/resumephoneaudio_ref
https://msdn.microsoft.com/en-us/skype/ucwa/root_ref,https://docs.microsoft.com/en-us/skype/ucwa/root_ref
https://msdn.microsoft.com/en-us/skype/ucwa/search2_ref,https://docs.microsoft.com/en-us/skype/ucwa/search2_ref
https://msdn.microsoft.com/en-us/skype/ucwa/search_ref,https://docs.microsoft.com/en-us/skype/ucwa/search_ref
https://msdn.microsoft.com/en-us/skype/ucwa/sendmessage_ref,https://docs.microsoft.com/en-us/skype/ucwa/sendmessage_ref
https://msdn.microsoft.com/en-us/skype/ucwa/sendprovisionalanswer_ref,https://docs.microsoft.com/en-us/skype/ucwa/sendprovisionalanswer_ref
https://msdn.microsoft.com/en-us/skype/ucwa/session_ref,https://docs.microsoft.com/en-us/skype/ucwa/session_ref
https://msdn.microsoft.com/en-us/skype/ucwa/sessions_ref,https://docs.microsoft.com/en-us/skype/ucwa/sessions_ref
https://msdn.microsoft.com/en-us/skype/ucwa/setistyping_ref,https://docs.microsoft.com/en-us/skype/ucwa/setistyping_ref
https://msdn.microsoft.com/en-us/skype/ucwa/simultaneousringsettings_ref,https://docs.microsoft.com/en-us/skype/ucwa/simultaneousringsettings_ref
https://msdn.microsoft.com/en-us/skype/ucwa/simultaneousringtocontact_ref,https://docs.microsoft.com/en-us/skype/ucwa/simultaneousringtocontact_ref
https://msdn.microsoft.com/en-us/skype/ucwa/simultaneousringtodelegates_ref,https://docs.microsoft.com/en-us/skype/ucwa/simultaneousringtodelegates_ref
https://msdn.microsoft.com/en-us/skype/ucwa/simultaneousringtoteam_ref,https://docs.microsoft.com/en-us/skype/ucwa/simultaneousringtoteam_ref
https://msdn.microsoft.com/en-us/skype/ucwa/startaudio2_ref,https://docs.microsoft.com/en-us/skype/ucwa/startaudio2_ref
https://msdn.microsoft.com/en-us/skype/ucwa/startaudioonbehalfofdelegator_ref,https://docs.microsoft.com/en-us/skype/ucwa/startaudioonbehalfofdelegator_ref
https://msdn.microsoft.com/en-us/skype/ucwa/startaudiovideo2_ref,https://docs.microsoft.com/en-us/skype/ucwa/startaudiovideo2_ref
https://msdn.microsoft.com/en-us/skype/ucwa/startaudiovideoonbehalfofdelegator_ref,https://docs.microsoft.com/en-us/skype/ucwa/startaudiovideoonbehalfofdelegator_ref
https://msdn.microsoft.com/en-us/skype/ucwa/startaudiovideo_ref,https://docs.microsoft.com/en-us/skype/ucwa/startaudiovideo_ref
https://msdn.microsoft.com/en-us/skype/ucwa/startaudio_ref,https://docs.microsoft.com/en-us/skype/ucwa/startaudio_ref
https://msdn.microsoft.com/en-us/skype/ucwa/startemergencycall_ref,https://docs.microsoft.com/en-us/skype/ucwa/startemergencycall_ref
https://msdn.microsoft.com/en-us/skype/ucwa/startmessaging2_ref,https://docs.microsoft.com/en-us/skype/ucwa/startmessaging2_ref
https://msdn.microsoft.com/en-us/skype/ucwa/startmessaging_ref,https://docs.microsoft.com/en-us/skype/ucwa/startmessaging_ref
https://msdn.microsoft.com/en-us/skype/ucwa/startonlinemeeting_ref,https://docs.microsoft.com/en-us/skype/ucwa/startonlinemeeting_ref
https://msdn.microsoft.com/en-us/skype/ucwa/startorrefreshsubscriptiontocontactsandgroups_ref,https://docs.microsoft.com/en-us/skype/ucwa/startorrefreshsubscriptiontocontactsandgroups_ref
https://msdn.microsoft.com/en-us/skype/ucwa/startphoneaudio2_ref,https://docs.microsoft.com/en-us/skype/ucwa/startphoneaudio2_ref
https://msdn.microsoft.com/en-us/skype/ucwa/startphoneaudioonbehalfofdelegator_ref,https://docs.microsoft.com/en-us/skype/ucwa/startphoneaudioonbehalfofdelegator_ref
https://msdn.microsoft.com/en-us/skype/ucwa/startphoneaudio_ref,https://docs.microsoft.com/en-us/skype/ucwa/startphoneaudio_ref
https://msdn.microsoft.com/en-us/skype/ucwa/startvideo_ref,https://docs.microsoft.com/en-us/skype/ucwa/startvideo_ref
https://msdn.microsoft.com/en-us/skype/ucwa/stopaudiovideo_ref,https://docs.microsoft.com/en-us/skype/ucwa/stopaudiovideo_ref
https://msdn.microsoft.com/en-us/skype/ucwa/stopaudio_ref,https://docs.microsoft.com/en-us/skype/ucwa/stopaudio_ref
https://msdn.microsoft.com/en-us/skype/ucwa/stopmessaging_ref,https://docs.microsoft.com/en-us/skype/ucwa/stopmessaging_ref
https://msdn.microsoft.com/en-us/skype/ucwa/stopphoneaudio_ref,https://docs.microsoft.com/en-us/skype/ucwa/stopphoneaudio_ref
https://msdn.microsoft.com/en-us/skype/ucwa/stopsubscriptiontocontactsandgroups_ref,https://docs.microsoft.com/en-us/skype/ucwa/stopsubscriptiontocontactsandgroups_ref
https://msdn.microsoft.com/en-us/skype/ucwa/stopvideo_ref,https://docs.microsoft.com/en-us/skype/ucwa/stopvideo_ref
https://msdn.microsoft.com/en-us/skype/ucwa/subscribetogrouppresence_ref,https://docs.microsoft.com/en-us/skype/ucwa/subscribetogrouppresence_ref
https://msdn.microsoft.com/en-us/skype/ucwa/subscribedcontacts_ref,https://docs.microsoft.com/en-us/skype/ucwa/subscribedcontacts_ref
https://msdn.microsoft.com/en-us/skype/ucwa/to_ref,https://docs.microsoft.com/en-us/skype/ucwa/to_ref
https://msdn.microsoft.com/en-us/skype/ucwa/transferredby_ref,https://docs.microsoft.com/en-us/skype/ucwa/transferredby_ref
https://msdn.microsoft.com/en-us/skype/ucwa/turnoffcallforwarding_ref,https://docs.microsoft.com/en-us/skype/ucwa/turnoffcallforwarding_ref
https://msdn.microsoft.com/en-us/skype/ucwa/typingparticipants_ref,https://docs.microsoft.com/en-us/skype/ucwa/typingparticipants_ref
https://msdn.microsoft.com/en-us/skype/ucwa/unansweredcallsettings_ref,https://docs.microsoft.com/en-us/skype/ucwa/unansweredcallsettings_ref
https://msdn.microsoft.com/en-us/skype/ucwa/unansweredcalltocontact_ref,https://docs.microsoft.com/en-us/skype/ucwa/unansweredcalltocontact_ref
https://msdn.microsoft.com/en-us/skype/ucwa/unansweredcalltovoicemail_ref,https://docs.microsoft.com/en-us/skype/ucwa/unansweredcalltovoicemail_ref
https://msdn.microsoft.com/en-us/skype/ucwa/unmuteaudio_ref,https://docs.microsoft.com/en-us/skype/ucwa/unmuteaudio_ref
https://msdn.microsoft.com/en-us/skype/ucwa/unmutevideo_ref,https://docs.microsoft.com/en-us/skype/ucwa/unmutevideo_ref
https://msdn.microsoft.com/en-us/skype/ucwa/useracknowledged_ref,https://docs.microsoft.com/en-us/skype/ucwa/useracknowledged_ref
https://msdn.microsoft.com/en-us/skype/ucwa/user_ref,https://docs.microsoft.com/en-us/skype/ucwa/user_ref
https://msdn.microsoft.com/en-us/skype/ucwa/videofreeze_ref,https://docs.microsoft.com/en-us/skype/ucwa/videofreeze_ref
https://msdn.microsoft.com/en-us/skype/ucwa/videolockedonparticipant_ref,https://docs.microsoft.com/en-us/skype/ucwa/videolockedonparticipant_ref
https://msdn.microsoft.com/en-us/skype/ucwa/xframe_ref,https://docs.microsoft.com/en-us/skype/ucwa/xframe_ref
https://msdn.microsoft.com/en-us/skype/websdk/apiproductkeys,https://docs.microsoft.com/en-us/skype/websdk/apiproductkeys
https://msdn.microsoft.com/en-us/skype/websdk/addparticipants,https://docs.microsoft.com/en-us/skype/websdk/addparticipants
https://msdn.microsoft.com/en-us/skype/websdk/addremoveconversationaudio,https://docs.microsoft.com/en-us/skype/websdk/addremoveconversationaudio
https://msdn.microsoft.com/en-us/skype/websdk/addremoveconversationvideo,https://docs.microsoft.com/en-us/skype/websdk/addremoveconversationvideo
https://msdn.microsoft.com/en-us/skype/websdk/anonjoinonline,https://docs.microsoft.com/en-us/skype/websdk/anonjoinonline
https://msdn.microsoft.com/en-us/skype/websdk/anonjoinonprem,https://docs.microsoft.com/en-us/skype/websdk/anonjoinonprem
https://msdn.microsoft.com/en-us/skype/websdk/anonymousmeetingjoin,https://docs.microsoft.com/en-us/skype/websdk/anonymousmeetingjoin
https://msdn.microsoft.com/en-us/skype/websdk/architecture,https://docs.microsoft.com/en-us/skype/websdk/architecture
https://msdn.microsoft.com/en-us/skype/websdk/conversationcontrol,https://docs.microsoft.com/en-us/skype/websdk/conversationcontrol
https://msdn.microsoft.com/en-us/skype/websdk/conversations,https://docs.microsoft.com/en-us/skype/websdk/conversations
https://msdn.microsoft.com/en-us/skype/websdk/corecapabilities,https://docs.microsoft.com/en-us/skype/websdk/corecapabilities
https://msdn.microsoft.com/en-us/skype/websdk/developapplications,https://docs.microsoft.com/en-us/skype/websdk/developapplications
https://msdn.microsoft.com/en-us/skype/websdk/developforskypeforbusiness,https://docs.microsoft.com/en-us/skype/websdk/developforskypeforbusiness
https://msdn.microsoft.com/en-us/skype/websdk/developwebsdkappsforsfbonline,https://docs.microsoft.com/en-us/skype/websdk/developwebsdkappsforsfbonline
https://msdn.microsoft.com/en-us/skype/websdk/devices,https://docs.microsoft.com/en-us/skype/websdk/devices
https://msdn.microsoft.com/en-us/skype/websdk/downloadrunsamples,https://docs.microsoft.com/en-us/skype/websdk/downloadrunsamples
https://msdn.microsoft.com/en-us/skype/websdk/generalreference,https://docs.microsoft.com/en-us/skype/websdk/generalreference
https://msdn.microsoft.com/en-us/skype/websdk/getapientrysignin,https://docs.microsoft.com/en-us/skype/websdk/getapientrysignin
https://msdn.microsoft.com/en-us/skype/websdk/gettingstarted,https://docs.microsoft.com/en-us/skype/websdk/gettingstarted
https://msdn.microsoft.com/en-us/skype/websdk/groups,https://docs.microsoft.com/en-us/skype/websdk/groups
https://msdn.microsoft.com/en-us/skype/websdk/joinmeeting,https://docs.microsoft.com/en-us/skype/websdk/joinmeeting
https://msdn.microsoft.com/en-us/skype/websdk/joinvideomeetingdisplayvideo,https://docs.microsoft.com/en-us/skype/websdk/joinvideomeetingdisplayvideo
https://msdn.microsoft.com/en-us/skype/websdk/listenforavailability,https://docs.microsoft.com/en-us/skype/websdk/listenforavailability
https://msdn.microsoft.com/en-us/skype/websdk/localuser,https://docs.microsoft.com/en-us/skype/websdk/localuser
https://msdn.microsoft.com/en-us/skype/websdk/managedevices,https://docs.microsoft.com/en-us/skype/websdk/managedevices
https://msdn.microsoft.com/en-us/skype/websdk/managepersonsandgroups,https://docs.microsoft.com/en-us/skype/websdk/managepersonsandgroups
https://msdn.microsoft.com/en-us/skype/websdk/objectmodel,https://docs.microsoft.com/en-us/skype/websdk/objectmodel
https://msdn.microsoft.com/en-us/skype/websdk/ptaudio,https://docs.microsoft.com/en-us/skype/websdk/ptaudio
https://msdn.microsoft.com/en-us/skype/websdk/ptaudiocalltransfer,https://docs.microsoft.com/en-us/skype/websdk/ptaudiocalltransfer
https://msdn.microsoft.com/en-us/skype/websdk/ptaudiogroup,https://docs.microsoft.com/en-us/skype/websdk/ptaudiogroup
https://msdn.microsoft.com/en-us/skype/websdk/ptaudioholdresume,https://docs.microsoft.com/en-us/skype/websdk/ptaudioholdresume
https://msdn.microsoft.com/en-us/skype/websdk/ptaudioincoming,https://docs.microsoft.com/en-us/skype/websdk/ptaudioincoming
https://msdn.microsoft.com/en-us/skype/websdk/ptaudiomute,https://docs.microsoft.com/en-us/skype/websdk/ptaudiomute
https://msdn.microsoft.com/en-us/skype/websdk/ptaudiooutgoing,https://docs.microsoft.com/en-us/skype/websdk/ptaudiooutgoing
https://msdn.microsoft.com/en-us/skype/websdk/ptaudiop2pescalation,https://docs.microsoft.com/en-us/skype/websdk/ptaudiop2pescalation
https://msdn.microsoft.com/en-us/skype/websdk/ptaudiophoneaudio,https://docs.microsoft.com/en-us/skype/websdk/ptaudiophoneaudio
https://msdn.microsoft.com/en-us/skype/websdk/ptauth,https://docs.microsoft.com/en-us/skype/websdk/ptauth
https://msdn.microsoft.com/en-us/skype/websdk/ptauthazuread,https://docs.microsoft.com/en-us/skype/websdk/ptauthazuread
https://msdn.microsoft.com/en-us/skype/websdk/ptauthpassword,https://docs.microsoft.com/en-us/skype/websdk/ptauthpassword
https://msdn.microsoft.com/en-us/skype/websdk/ptauthsignout,https://docs.microsoft.com/en-us/skype/websdk/ptauthsignout
https://msdn.microsoft.com/en-us/skype/websdk/ptauthwebticket,https://docs.microsoft.com/en-us/skype/websdk/ptauthwebticket
https://msdn.microsoft.com/en-us/skype/websdk/ptauthwindowsauth,https://docs.microsoft.com/en-us/skype/websdk/ptauthwindowsauth
https://msdn.microsoft.com/en-us/skype/websdk/ptchat,https://docs.microsoft.com/en-us/skype/websdk/ptchat
https://msdn.microsoft.com/en-us/skype/websdk/ptchatgroup,https://docs.microsoft.com/en-us/skype/websdk/ptchatgroup
https://msdn.microsoft.com/en-us/skype/websdk/ptchatincomingp2p,https://docs.microsoft.com/en-us/skype/websdk/ptchatincomingp2p
https://msdn.microsoft.com/en-us/skype/websdk/ptchatoutgoingp2p,https://docs.microsoft.com/en-us/skype/websdk/ptchatoutgoingp2p
https://msdn.microsoft.com/en-us/skype/websdk/ptchatp2pescalation,https://docs.microsoft.com/en-us/skype/websdk/ptchatp2pescalation
https://msdn.microsoft.com/en-us/skype/websdk/ptcontacts,https://docs.microsoft.com/en-us/skype/websdk/ptcontacts
https://msdn.microsoft.com/en-us/skype/websdk/ptcontactsall,https://docs.microsoft.com/en-us/skype/websdk/ptcontactsall
https://msdn.microsoft.com/en-us/skype/websdk/ptcontactscontactcard,https://docs.microsoft.com/en-us/skype/websdk/ptcontactscontactcard
https://msdn.microsoft.com/en-us/skype/websdk/ptcontactssearch,https://docs.microsoft.com/en-us/skype/websdk/ptcontactssearch
https://msdn.microsoft.com/en-us/skype/websdk/ptdevicesmanagermanagedevices,https://docs.microsoft.com/en-us/skype/websdk/ptdevicesmanagermanagedevices
https://msdn.microsoft.com/en-us/skype/websdk/ptgroups,https://docs.microsoft.com/en-us/skype/websdk/ptgroups
https://msdn.microsoft.com/en-us/skype/websdk/ptgroupsaddcontact,https://docs.microsoft.com/en-us/skype/websdk/ptgroupsaddcontact
https://msdn.microsoft.com/en-us/skype/websdk/ptgroupsaddgroup,https://docs.microsoft.com/en-us/skype/websdk/ptgroupsaddgroup
https://msdn.microsoft.com/en-us/skype/websdk/ptgroupsall,https://docs.microsoft.com/en-us/skype/websdk/ptgroupsall
https://msdn.microsoft.com/en-us/skype/websdk/ptgroupsoverview,https://docs.microsoft.com/en-us/skype/websdk/ptgroupsoverview
https://msdn.microsoft.com/en-us/skype/websdk/ptgroupsremovecontact,https://docs.microsoft.com/en-us/skype/websdk/ptgroupsremovecontact
https://msdn.microsoft.com/en-us/skype/websdk/ptgroupsremovegroup,https://docs.microsoft.com/en-us/skype/websdk/ptgroupsremovegroup
https://msdn.microsoft.com/en-us/skype/websdk/ptgroupsrenamegroup,https://docs.microsoft.com/en-us/skype/websdk/ptgroupsrenamegroup
https://msdn.microsoft.com/en-us/skype/websdk/pthistory,https://docs.microsoft.com/en-us/skype/websdk/pthistory
https://msdn.microsoft.com/en-us/skype/websdk/pthistoryconversation,https://docs.microsoft.com/en-us/skype/websdk/pthistoryconversation
https://msdn.microsoft.com/en-us/skype/websdk/ptlocaluser,https://docs.microsoft.com/en-us/skype/websdk/ptlocaluser
https://msdn.microsoft.com/en-us/skype/websdk/ptlocaluserdashboard,https://docs.microsoft.com/en-us/skype/websdk/ptlocaluserdashboard
https://msdn.microsoft.com/en-us/skype/websdk/ptlocaluserlocation,https://docs.microsoft.com/en-us/skype/websdk/ptlocaluserlocation
https://msdn.microsoft.com/en-us/skype/websdk/ptlocalusernote,https://docs.microsoft.com/en-us/skype/websdk/ptlocalusernote
https://msdn.microsoft.com/en-us/skype/websdk/ptlocaluserstatus,https://docs.microsoft.com/en-us/skype/websdk/ptlocaluserstatus
https://msdn.microsoft.com/en-us/skype/websdk/ptuicontrols,https://docs.microsoft.com/en-us/skype/websdk/ptuicontrols
https://msdn.microsoft.com/en-us/skype/websdk/ptuicontrolsconversationcontrol,https://docs.microsoft.com/en-us/skype/websdk/ptuicontrolsconversationcontrol
https://msdn.microsoft.com/en-us/skype/websdk/ptvideo,https://docs.microsoft.com/en-us/skype/websdk/ptvideo
https://msdn.microsoft.com/en-us/skype/websdk/ptvideoaddvideo,https://docs.microsoft.com/en-us/skype/websdk/ptvideoaddvideo
https://msdn.microsoft.com/en-us/skype/websdk/ptvideogroup,https://docs.microsoft.com/en-us/skype/websdk/ptvideogroup
https://msdn.microsoft.com/en-us/skype/websdk/ptvideoincomingp2p,https://docs.microsoft.com/en-us/skype/websdk/ptvideoincomingp2p
https://msdn.microsoft.com/en-us/skype/websdk/ptvideooutgoingp2p,https://docs.microsoft.com/en-us/skype/websdk/ptvideooutgoingp2p
https://msdn.microsoft.com/en-us/skype/websdk/ptvideop2pescalation,https://docs.microsoft.com/en-us/skype/websdk/ptvideop2pescalation
https://msdn.microsoft.com/en-us/skype/websdk/personlists,https://docs.microsoft.com/en-us/skype/websdk/personlists
https://msdn.microsoft.com/en-us/skype/websdk/persons,https://docs.microsoft.com/en-us/skype/websdk/persons
https://msdn.microsoft.com/en-us/skype/websdk/presence,https://docs.microsoft.com/en-us/skype/websdk/presence
https://msdn.microsoft.com/en-us/skype/websdk/presenceevents,https://docs.microsoft.com/en-us/skype/websdk/presenceevents
https://msdn.microsoft.com/en-us/skype/websdk/programmingtasks,https://docs.microsoft.com/en-us/skype/websdk/programmingtasks
https://msdn.microsoft.com/en-us/skype/websdk/propertymodel,https://docs.microsoft.com/en-us/skype/websdk/propertymodel
https://msdn.microsoft.com/en-us/skype/websdk/releasenotes,https://docs.microsoft.com/en-us/skype/websdk/releasenotes
https://msdn.microsoft.com/en-us/skype/websdk/respondtoinvitation,https://docs.microsoft.com/en-us/skype/websdk/respondtoinvitation
https://msdn.microsoft.com/en-us/skype/websdk/reusingucwafqdn,https://docs.microsoft.com/en-us/skype/websdk/reusingucwafqdn
https://msdn.microsoft.com/en-us/skype/websdk/saverestoresnapshot,https://docs.microsoft.com/en-us/skype/websdk/saverestoresnapshot
https://msdn.microsoft.com/en-us/skype/websdk/schedulemeeting,https://docs.microsoft.com/en-us/skype/websdk/schedulemeeting
https://msdn.microsoft.com/en-us/skype/websdk/searchforpersonsandgroups,https://docs.microsoft.com/en-us/skype/websdk/searchforpersonsandgroups
https://msdn.microsoft.com/en-us/skype/websdk/sendreceivetext,https://docs.microsoft.com/en-us/skype/websdk/sendreceivetext
https://msdn.microsoft.com/en-us/skype/websdk/showpersoninfo,https://docs.microsoft.com/en-us/skype/websdk/showpersoninfo
https://msdn.microsoft.com/en-us/skype/websdk/skypewebsdk,https://docs.microsoft.com/en-us/skype/websdk/skypewebsdk
https://msdn.microsoft.com/en-us/skype/websdk/skypewebsdkversionupdatenotifications,https://docs.microsoft.com/en-us/skype/websdk/skypewebsdkversionupdatenotifications
https://msdn.microsoft.com/en-us/skype/websdk/startconversation,https://docs.microsoft.com/en-us/skype/websdk/startconversation
https://msdn.microsoft.com/en-us/skype/websdk/switchconversationvideostreams,https://docs.microsoft.com/en-us/skype/websdk/switchconversationvideostreams
https://msdn.microsoft.com/en-us/skype/websdk/termsofservice,https://docs.microsoft.com/en-us/skype/websdk/termsofservice
https://msdn.microsoft.com/en-us/skype/websdk/ucweb_16con,https://docs.microsoft.com/en-us/skype/websdk/ucweb_16con
https://msdn.microsoft.com/en-us/skype/websdk/useconversationcontrol,https://docs.microsoft.com/en-us/skype/websdk/useconversationcontrol
https://msdn.microsoft.com/en-us/skype/websdk/docs/apiproductkeys,https://docs.microsoft.com/en-us/skype/websdk/docs/apiproductkeys
https://msdn.microsoft.com/en-us/skype/websdk/docs/addparticipants,https://docs.microsoft.com/en-us/skype/websdk/docs/addparticipants
https://msdn.microsoft.com/en-us/skype/websdk/docs/addremoveconversationaudio,https://docs.microsoft.com/en-us/skype/websdk/docs/addremoveconversationaudio
https://msdn.microsoft.com/en-us/skype/websdk/docs/addremoveconversationvideo,https://docs.microsoft.com/en-us/skype/websdk/docs/addremoveconversationvideo
https://msdn.microsoft.com/en-us/skype/websdk/docs/anonymousmeetingjoin,https://docs.microsoft.com/en-us/skype/websdk/docs/anonymousmeetingjoin
https://msdn.microsoft.com/en-us/skype/websdk/docs/architecture,https://docs.microsoft.com/en-us/skype/websdk/docs/architecture
https://msdn.microsoft.com/en-us/skype/websdk/docs/conversationcontrol,https://docs.microsoft.com/en-us/skype/websdk/docs/conversationcontrol
https://msdn.microsoft.com/en-us/skype/websdk/docs/conversations,https://docs.microsoft.com/en-us/skype/websdk/docs/conversations
https://msdn.microsoft.com/en-us/skype/websdk/docs/corecapabilities,https://docs.microsoft.com/en-us/skype/websdk/docs/corecapabilities
https://msdn.microsoft.com/en-us/skype/websdk/docs/developapplications,https://docs.microsoft.com/en-us/skype/websdk/docs/developapplications
https://msdn.microsoft.com/en-us/skype/websdk/docs/developforskypeforbusiness,https://docs.microsoft.com/en-us/skype/websdk/docs/developforskypeforbusiness
https://msdn.microsoft.com/en-us/skype/websdk/docs/developwebsdkappsforsfbonline,https://docs.microsoft.com/en-us/skype/websdk/docs/developwebsdkappsforsfbonline
https://msdn.microsoft.com/en-us/skype/websdk/docs/devices,https://docs.microsoft.com/en-us/skype/websdk/docs/devices
https://msdn.microsoft.com/en-us/skype/websdk/docs/downloadrunsamples,https://docs.microsoft.com/en-us/skype/websdk/docs/downloadrunsamples
https://msdn.microsoft.com/en-us/skype/websdk/docs/generalreference,https://docs.microsoft.com/en-us/skype/websdk/docs/generalreference
https://msdn.microsoft.com/en-us/skype/websdk/docs/getapientrysignin,https://docs.microsoft.com/en-us/skype/websdk/docs/getapientrysignin
https://msdn.microsoft.com/en-us/skype/websdk/docs/gettingstarted,https://docs.microsoft.com/en-us/skype/websdk/docs/gettingstarted
https://msdn.microsoft.com/en-us/skype/websdk/docs/groups,https://docs.microsoft.com/en-us/skype/websdk/docs/groups
https://msdn.microsoft.com/en-us/skype/websdk/docs/joinmeeting,https://docs.microsoft.com/en-us/skype/websdk/docs/joinmeeting
https://msdn.microsoft.com/en-us/skype/websdk/docs/joinvideomeetingdisplayvideo,https://docs.microsoft.com/en-us/skype/websdk/docs/joinvideomeetingdisplayvideo
https://msdn.microsoft.com/en-us/skype/websdk/docs/listenforavailability,https://docs.microsoft.com/en-us/skype/websdk/docs/listenforavailability
https://msdn.microsoft.com/en-us/skype/websdk/docs/localuser,https://docs.microsoft.com/en-us/skype/websdk/docs/localuser
https://msdn.microsoft.com/en-us/skype/websdk/docs/managedevices,https://docs.microsoft.com/en-us/skype/websdk/docs/managedevices
https://msdn.microsoft.com/en-us/skype/websdk/docs/managepersonsandgroups,https://docs.microsoft.com/en-us/skype/websdk/docs/managepersonsandgroups
https://msdn.microsoft.com/en-us/skype/websdk/docs/objectmodel,https://docs.microsoft.com/en-us/skype/websdk/docs/objectmodel
https://msdn.microsoft.com/en-us/skype/websdk/docs/ptaudio,https://docs.microsoft.com/en-us/skype/websdk/docs/ptaudio
https://msdn.microsoft.com/en-us/skype/websdk/docs/ptaudiocalltransfer,https://docs.microsoft.com/en-us/skype/websdk/docs/ptaudiocalltransfer
https://msdn.microsoft.com/en-us/skype/websdk/docs/ptaudiogroup,https://docs.microsoft.com/en-us/skype/websdk/docs/ptaudiogroup
https://msdn.microsoft.com/en-us/skype/websdk/docs/ptaudioholdresume,https://docs.microsoft.com/en-us/skype/websdk/docs/ptaudioholdresume
https://msdn.microsoft.com/en-us/skype/websdk/docs/ptaudioincoming,https://docs.microsoft.com/en-us/skype/websdk/docs/ptaudioincoming
https://msdn.microsoft.com/en-us/skype/websdk/docs/ptaudiomute,https://docs.microsoft.com/en-us/skype/websdk/docs/ptaudiomute
https://msdn.microsoft.com/en-us/skype/websdk/docs/ptaudiooutgoing,https://docs.microsoft.com/en-us/skype/websdk/docs/ptaudiooutgoing
https://msdn.microsoft.com/en-us/skype/websdk/docs/ptaudiop2pescalation,https://docs.microsoft.com/en-us/skype/websdk/docs/ptaudiop2pescalation
https://msdn.microsoft.com/en-us/skype/websdk/docs/ptaudiophoneaudio,https://docs.microsoft.com/en-us/skype/websdk/docs/ptaudiophoneaudio
https://msdn.microsoft.com/en-us/skype/websdk/docs/ptauth,https://docs.microsoft.com/en-us/skype/websdk/docs/ptauth
https://msdn.microsoft.com/en-us/skype/websdk/docs/ptauthazuread,https://docs.microsoft.com/en-us/skype/websdk/docs/ptauthazuread
https://msdn.microsoft.com/en-us/skype/websdk/docs/ptauthpassword,https://docs.microsoft.com/en-us/skype/websdk/docs/ptauthpassword
https://msdn.microsoft.com/en-us/skype/websdk/docs/ptauthsignout,https://docs.microsoft.com/en-us/skype/websdk/docs/ptauthsignout
https://msdn.microsoft.com/en-us/skype/websdk/docs/ptauthwebticket,https://docs.microsoft.com/en-us/skype/websdk/docs/ptauthwebticket
https://msdn.microsoft.com/en-us/skype/websdk/docs/ptauthwindowsauth,https://docs.microsoft.com/en-us/skype/websdk/docs/ptauthwindowsauth
https://msdn.microsoft.com/en-us/skype/websdk/docs/ptchat,https://docs.microsoft.com/en-us/skype/websdk/docs/ptchat
https://msdn.microsoft.com/en-us/skype/websdk/docs/ptchatgroup,https://docs.microsoft.com/en-us/skype/websdk/docs/ptchatgroup
https://msdn.microsoft.com/en-us/skype/websdk/docs/ptchatincomingp2p,https://docs.microsoft.com/en-us/skype/websdk/docs/ptchatincomingp2p
https://msdn.microsoft.com/en-us/skype/websdk/docs/ptchatoutgoingp2p,https://docs.microsoft.com/en-us/skype/websdk/docs/ptchatoutgoingp2p
https://msdn.microsoft.com/en-us/skype/websdk/docs/ptchatp2pescalation,https://docs.microsoft.com/en-us/skype/websdk/docs/ptchatp2pescalation
https://msdn.microsoft.com/en-us/skype/websdk/docs/ptcontacts,https://docs.microsoft.com/en-us/skype/websdk/docs/ptcontacts
https://msdn.microsoft.com/en-us/skype/websdk/docs/ptcontactsall,https://docs.microsoft.com/en-us/skype/websdk/docs/ptcontactsall
https://msdn.microsoft.com/en-us/skype/websdk/docs/ptcontactscontactcard,https://docs.microsoft.com/en-us/skype/websdk/docs/ptcontactscontactcard
https://msdn.microsoft.com/en-us/skype/websdk/docs/ptcontactssearch,https://docs.microsoft.com/en-us/skype/websdk/docs/ptcontactssearch
https://msdn.microsoft.com/en-us/skype/websdk/docs/ptdevicesmanager,https://docs.microsoft.com/en-us/skype/websdk/docs/ptdevicesmanager
https://msdn.microsoft.com/en-us/skype/websdk/docs/ptdevicesmanagermanagedevices,https://docs.microsoft.com/en-us/skype/websdk/docs/ptdevicesmanagermanagedevices
https://msdn.microsoft.com/en-us/skype/websdk/docs/ptgroups,https://docs.microsoft.com/en-us/skype/websdk/docs/ptgroups
https://msdn.microsoft.com/en-us/skype/websdk/docs/ptgroupsaddcontact,https://docs.microsoft.com/en-us/skype/websdk/docs/ptgroupsaddcontact
https://msdn.microsoft.com/en-us/skype/websdk/docs/ptgroupsaddgroup,https://docs.microsoft.com/en-us/skype/websdk/docs/ptgroupsaddgroup
https://msdn.microsoft.com/en-us/skype/websdk/docs/ptgroupsall,https://docs.microsoft.com/en-us/skype/websdk/docs/ptgroupsall
https://msdn.microsoft.com/en-us/skype/websdk/docs/ptgroupsoverview,https://docs.microsoft.com/en-us/skype/websdk/docs/ptgroupsoverview
https://msdn.microsoft.com/en-us/skype/websdk/docs/ptgroupsremovecontact,https://docs.microsoft.com/en-us/skype/websdk/docs/ptgroupsremovecontact
https://msdn.microsoft.com/en-us/skype/websdk/docs/ptgroupsremovegroup,https://docs.microsoft.com/en-us/skype/websdk/docs/ptgroupsremovegroup
https://msdn.microsoft.com/en-us/skype/websdk/docs/ptgroupsrenamegroup,https://docs.microsoft.com/en-us/skype/websdk/docs/ptgroupsrenamegroup
https://msdn.microsoft.com/en-us/skype/websdk/docs/pthistory,https://docs.microsoft.com/en-us/skype/websdk/docs/pthistory
https://msdn.microsoft.com/en-us/skype/websdk/docs/pthistoryconversation,https://docs.microsoft.com/en-us/skype/websdk/docs/pthistoryconversation
https://msdn.microsoft.com/en-us/skype/websdk/docs/ptlocaluser,https://docs.microsoft.com/en-us/skype/websdk/docs/ptlocaluser
https://msdn.microsoft.com/en-us/skype/websdk/docs/ptlocaluserdashboard,https://docs.microsoft.com/en-us/skype/websdk/docs/ptlocaluserdashboard
https://msdn.microsoft.com/en-us/skype/websdk/docs/ptlocaluserlocation,https://docs.microsoft.com/en-us/skype/websdk/docs/ptlocaluserlocation
https://msdn.microsoft.com/en-us/skype/websdk/docs/ptlocalusernote,https://docs.microsoft.com/en-us/skype/websdk/docs/ptlocalusernote
https://msdn.microsoft.com/en-us/skype/websdk/docs/ptlocaluserstatus,https://docs.microsoft.com/en-us/skype/websdk/docs/ptlocaluserstatus
https://msdn.microsoft.com/en-us/skype/websdk/docs/ptmeetings,https://docs.microsoft.com/en-us/skype/websdk/docs/ptmeetings
https://msdn.microsoft.com/en-us/skype/websdk/docs/ptmeetingsanonjoinonprem,https://docs.microsoft.com/en-us/skype/websdk/docs/ptmeetingsanonjoinonprem
https://msdn.microsoft.com/en-us/skype/websdk/docs/ptmeetingsanonjoinonline,https://docs.microsoft.com/en-us/skype/websdk/docs/ptmeetingsanonjoinonline
https://msdn.microsoft.com/en-us/skype/websdk/docs/ptmeetingsauthjoin,https://docs.microsoft.com/en-us/skype/websdk/docs/ptmeetingsauthjoin
https://msdn.microsoft.com/en-us/skype/websdk/docs/ptuicontrols,https://docs.microsoft.com/en-us/skype/websdk/docs/ptuicontrols
https://msdn.microsoft.com/en-us/skype/websdk/docs/ptuicontrolsconversationcontrol,https://docs.microsoft.com/en-us/skype/websdk/docs/ptuicontrolsconversationcontrol
https://msdn.microsoft.com/en-us/skype/websdk/docs/ptvideo,https://docs.microsoft.com/en-us/skype/websdk/docs/ptvideo
https://msdn.microsoft.com/en-us/skype/websdk/docs/ptvideoaddvideo,https://docs.microsoft.com/en-us/skype/websdk/docs/ptvideoaddvideo
https://msdn.microsoft.com/en-us/skype/websdk/docs/ptvideogroup,https://docs.microsoft.com/en-us/skype/websdk/docs/ptvideogroup
https://msdn.microsoft.com/en-us/skype/websdk/docs/ptvideogroupgooglechrome,https://docs.microsoft.com/en-us/skype/websdk/docs/ptvideogroupgooglechrome
https://msdn.microsoft.com/en-us/skype/websdk/docs/ptvideoincomingp2p,https://docs.microsoft.com/en-us/skype/websdk/docs/ptvideoincomingp2p
https://msdn.microsoft.com/en-us/skype/websdk/docs/ptvideooutgoingp2p,https://docs.microsoft.com/en-us/skype/websdk/docs/ptvideooutgoingp2p
https://msdn.microsoft.com/en-us/skype/websdk/docs/ptvideop2pescalation,https://docs.microsoft.com/en-us/skype/websdk/docs/ptvideop2pescalation
https://msdn.microsoft.com/en-us/skype/websdk/docs/personlists,https://docs.microsoft.com/en-us/skype/websdk/docs/personlists
https://msdn.microsoft.com/en-us/skype/websdk/docs/persons,https://docs.microsoft.com/en-us/skype/websdk/docs/persons
https://msdn.microsoft.com/en-us/skype/websdk/docs/presence,https://docs.microsoft.com/en-us/skype/websdk/docs/presence
https://msdn.microsoft.com/en-us/skype/websdk/docs/presenceevents,https://docs.microsoft.com/en-us/skype/websdk/docs/presenceevents
https://msdn.microsoft.com/en-us/skype/websdk/docs/programmingtasks,https://docs.microsoft.com/en-us/skype/websdk/docs/programmingtasks
https://msdn.microsoft.com/en-us/skype/websdk/docs/propertymodel,https://docs.microsoft.com/en-us/skype/websdk/docs/propertymodel
https://msdn.microsoft.com/en-us/skype/websdk/docs/releasenotes,https://docs.microsoft.com/en-us/skype/websdk/docs/releasenotes
https://msdn.microsoft.com/en-us/skype/websdk/docs/respondtoinvitation,https://docs.microsoft.com/en-us/skype/websdk/docs/respondtoinvitation
https://msdn.microsoft.com/en-us/skype/websdk/docs/reusingucwafqdn,https://docs.microsoft.com/en-us/skype/websdk/docs/reusingucwafqdn
https://msdn.microsoft.com/en-us/skype/websdk/docs/saverestoresnapshot,https://docs.microsoft.com/en-us/skype/websdk/docs/saverestoresnapshot
https://msdn.microsoft.com/en-us/skype/websdk/docs/schedulemeeting,https://docs.microsoft.com/en-us/skype/websdk/docs/schedulemeeting
https://msdn.microsoft.com/en-us/skype/websdk/docs/searchforpersonsandgroups,https://docs.microsoft.com/en-us/skype/websdk/docs/searchforpersonsandgroups
https://msdn.microsoft.com/en-us/skype/websdk/docs/sendreceivetext,https://docs.microsoft.com/en-us/skype/websdk/docs/sendreceivetext
https://msdn.microsoft.com/en-us/skype/websdk/docs/showpersoninfo,https://docs.microsoft.com/en-us/skype/websdk/docs/showpersoninfo
https://msdn.microsoft.com/en-us/skype/websdk/docs/skypewebsdk,https://docs.microsoft.com/en-us/skype/websdk/docs/skypewebsdk
https://msdn.microsoft.com/en-us/skype/websdk/docs/skypewebsdkversionupdatenotifications,https://docs.microsoft.com/en-us/skype/websdk/docs/skypewebsdkversionupdatenotifications
https://msdn.microsoft.com/en-us/skype/websdk/docs/startconversation,https://docs.microsoft.com/en-us/skype/websdk/docs/startconversation
https://msdn.microsoft.com/en-us/skype/websdk/docs/switchconversationvideostreams,https://docs.microsoft.com/en-us/skype/websdk/docs/switchconversationvideostreams
https://msdn.microsoft.com/en-us/skype/websdk/docs/termsofservice,https://docs.microsoft.com/en-us/skype/websdk/docs/termsofservice
https://msdn.microsoft.com/en-us/skype/websdk/docs/ucweb_16con,https://docs.microsoft.com/en-us/skype/websdk/docs/ucweb_16con
https://msdn.microsoft.com/en-us/skype/websdk/docs/useconversationcontrol,https://docs.microsoft.com/en-us/skype/websdk/docs/useconversationcontrol
https://msdn.microsoft.com/en-us/skype/websdk/docs/includes/p2pchromewarning,https://docs.microsoft.com/en-us/skype/websdk/docs/includes/p2pchromewarning
https://msdn.microsoft.com/en-us/skype/websdk/docs/troubleshooting/auth/aadauth-adminconsent,https://docs.microsoft.com/en-us/skype/websdk/docs/troubleshooting/auth/aadauth-adminconsent
https://msdn.microsoft.com/en-us/skype/websdk/docs/troubleshooting/auth/aadauth-clientid,https://docs.microsoft.com/en-us/skype/websdk/docs/troubleshooting/auth/aadauth-clientid
https://msdn.microsoft.com/en-us/skype/websdk/docs/troubleshooting/auth/aadauth-delegatepermissions,https://docs.microsoft.com/en-us/skype/websdk/docs/troubleshooting/auth/aadauth-delegatepermissions
https://msdn.microsoft.com/en-us/skype/websdk/docs/troubleshooting/auth/aadauth-enableimplicitoauth,https://docs.microsoft.com/en-us/skype/websdk/docs/troubleshooting/auth/aadauth-enableimplicitoauth
https://msdn.microsoft.com/en-us/skype/websdk/docs/troubleshooting/auth/aadauth-iecorsredirecturi,https://docs.microsoft.com/en-us/skype/websdk/docs/troubleshooting/auth/aadauth-iecorsredirecturi
https://msdn.microsoft.com/en-us/skype/websdk/docs/troubleshooting/auth/aadauth-iesecurityzones,https://docs.microsoft.com/en-us/skype/websdk/docs/troubleshooting/auth/aadauth-iesecurityzones
https://msdn.microsoft.com/en-us/skype/websdk/docs/troubleshooting/auth/aadauth-replyurls,https://docs.microsoft.com/en-us/skype/websdk/docs/troubleshooting/auth/aadauth-replyurls
https://msdn.microsoft.com/en-us/skype/websdk/docs/troubleshooting/auth/aadauthfailures,https://docs.microsoft.com/en-us/skype/websdk/docs/troubleshooting/auth/aadauthfailures
https://msdn.microsoft.com/en-us/skype/websdk/docs/troubleshooting/gatheringlogs/gatherlogs,https://docs.microsoft.com/en-us/skype/websdk/docs/troubleshooting/gatheringlogs/gatherlogs
https://msdn.microsoft.com/en-us/skype/websdk/docs/troubleshooting/gatheringlogs/logs-console,https://docs.microsoft.com/en-us/skype/websdk/docs/troubleshooting/gatheringlogs/logs-console
https://msdn.microsoft.com/en-us/skype/websdk/docs/troubleshooting/gatheringlogs/logs-desktopclient,https://docs.microsoft.com/en-us/skype/websdk/docs/troubleshooting/gatheringlogs/logs-desktopclient
https://msdn.microsoft.com/en-us/skype/websdk/docs/troubleshooting/gatheringlogs/logs-media,https://docs.microsoft.com/en-us/skype/websdk/docs/troubleshooting/gatheringlogs/logs-media
https://msdn.microsoft.com/en-us/skype/websdk/docs/troubleshooting/gatheringlogs/logs-webtraffic,https://docs.microsoft.com/en-us/skype/websdk/docs/troubleshooting/gatheringlogs/logs-webtraffic
https://msdn.microsoft.com/en-us/skype/websdk/docs/troubleshooting/handlingapplicationerrors,https://docs.microsoft.com/en-us/skype/websdk/docs/troubleshooting/handlingapplicationerrors
https://msdn.microsoft.com/en-us/skype/websdk/docs/troubleshooting/troubleshooting,https://docs.microsoft.com/en-us/skype/websdk/docs/troubleshooting/troubleshooting
https://msdn.microsoft.com/en-us/skype/websdk/lib/webcomponentsjs/contributing,https://docs.microsoft.com/en-us/skype/websdk/lib/webcomponentsjs/contributing
https://msdn.microsoft.com/en-us/skype/websdk/lib/webcomponentsjs/license,https://docs.microsoft.com/en-us/skype/websdk/lib/webcomponentsjs/license
https://msdn.microsoft.com/en-us/skype/websdk/lib/webcomponentsjs/readme,https://docs.microsoft.com/en-us/skype/websdk/lib/webcomponentsjs/readme
https://msdn.microsoft.com/en-us/skype/websdk/lib/zero-md/readme,https://docs.microsoft.com/en-us/skype/websdk/lib/zero-md/readme
https://msdn.microsoft.com/en-us/skype/websdk/lib/zero-md/build/versions,https://docs.microsoft.com/en-us/skype/websdk/lib/zero-md/build/versions
https://msdn.microsoft.com/en-us/skype/websdk/lib/zero-md/demo/demo,https://docs.microsoft.com/en-us/skype/websdk/lib/zero-md/demo/demo
https://msdn.microsoft.com/en-us/skype/websdk/samples/thirdpartynotices,https://docs.microsoft.com/en-us/skype/websdk/samples/thirdpartynotices
https://msdn.microsoft.com/en-us/skype/index,https://docs.microsoft.com/en-us/skype/index
